ParentImageName,ImageName,Y_labels_pred,x1,x2,y1,y2
/plots/PMC3538603_pone.0053594.g007.jpg,/plots/PMC3538603_pone.0053594.g007-1.jpg,,66.0,79.0,28.0,44.0
/plots/PMC3538603_pone.0053594.g007.jpg,/plots/PMC3538603_pone.0053594.g007-1.jpg,,66.0,80.0,75.0,88.0
/plots/PMC3538603_pone.0053594.g007.jpg,/plots/PMC3538603_pone.0053594.g007-1.jpg,,67.0,79.0,121.0,134.0
/plots/PMC3538603_pone.0053594.g007.jpg,/plots/PMC3538603_pone.0053594.g007-1.jpg,0.0,67.0,79.0,167.0,181.0
/plots/PMC3538603_pone.0053594.g007.jpg,/plots/PMC3538603_pone.0053594.g007-1.jpg,,67.0,79.0,213.0,227.0
/plots/PMC3718627_1472-6882-13-166-6.jpg,/plots/PMC3718627_1472-6882-13-166-6-0.jpg,80.0,42.0,58.0,20.0,33.0
/plots/PMC3718627_1472-6882-13-166-6.jpg,/plots/PMC3718627_1472-6882-13-166-6-0.jpg,60.0,42.0,58.0,66.0,81.0
/plots/PMC3718627_1472-6882-13-166-6.jpg,/plots/PMC3718627_1472-6882-13-166-6-0.jpg,40.0,42.0,58.0,113.0,128.0
/plots/PMC3718627_1472-6882-13-166-6.jpg,/plots/PMC3718627_1472-6882-13-166-6-0.jpg,20.0,42.0,60.0,160.0,175.0
/plots/PMC3718627_1472-6882-13-166-6.jpg,/plots/PMC3718627_1472-6882-13-166-6-0.jpg,0.0,50.0,59.0,208.0,222.0
/plots/PMC3477117_pone.0047649.g004.jpg,/plots/PMC3477117_pone.0047649.g004-0.jpg,0.0,16.0,33.0,115.0,127.0
/plots/PMC3477117_pone.0047649.g004.jpg,/plots/PMC3477117_pone.0047649.g004-0.jpg,30.0,11.0,33.0,79.0,90.0
/plots/PMC3477117_pone.0047649.g004.jpg,/plots/PMC3477117_pone.0047649.g004-0.jpg,70.0,12.0,33.0,31.0,42.0
/plots/PMC3477117_pone.0047649.g004.jpg,/plots/PMC3477117_pone.0047649.g004-0.jpg,50.0,11.0,33.0,55.0,67.0
/plots/PMC3477117_pone.0047649.g004.jpg,/plots/PMC3477117_pone.0047649.g004-0.jpg,60.0,12.0,34.0,44.0,55.0
/plots/PMC3477117_pone.0047649.g004.jpg,/plots/PMC3477117_pone.0047649.g004-0.jpg,80.0,11.0,32.0,19.0,30.0
/plots/PMC3477117_pone.0047649.g004.jpg,/plots/PMC3477117_pone.0047649.g004-0.jpg,,11.0,34.0,72.0,84.0
/plots/PMC3477117_pone.0047649.g004.jpg,/plots/PMC3477117_pone.0047649.g004-0.jpg,10.0,13.0,33.0,103.0,116.0
/plots/PMC4008386_gr6.jpg,/plots/PMC4008386_gr6-0.jpg,,117.0,167.0,324.0,369.0
/plots/PMC4008386_gr6.jpg,/plots/PMC4008386_gr6-0.jpg,,69.0,117.0,325.0,374.0
/plots/PMC4008386_gr6.jpg,/plots/PMC4008386_gr6-0.jpg,,156.0,209.0,324.0,378.0
/plots/PMC4008386_gr6.jpg,/plots/PMC4008386_gr6-0.jpg,,216.0,262.0,322.0,364.0
/plots/PMC2953831_pone.0013162.g003.jpg,/plots/PMC2953831_pone.0013162.g003-0.jpg,0.0,63.0,91.0,36.0,45.0
/plots/PMC2953831_pone.0013162.g003.jpg,/plots/PMC2953831_pone.0013162.g003-0.jpg,400000.0,63.0,91.0,57.0,66.0
/plots/PMC2953831_pone.0013162.g003.jpg,/plots/PMC2953831_pone.0013162.g003-0.jpg,300000.0,62.0,91.0,79.0,87.0
/plots/PMC2953831_pone.0013162.g003.jpg,/plots/PMC2953831_pone.0013162.g003-0.jpg,200000.0,63.0,91.0,100.0,108.0
/plots/PMC2953831_pone.0013162.g003.jpg,/plots/PMC2953831_pone.0013162.g003-0.jpg,100000.0,63.0,91.0,121.0,130.0
/plots/PMC4008386_gr6.jpg,/plots/PMC4008386_gr6-2.jpg,1000.0,38.0,77.0,50.0,69.0
/plots/PMC4008386_gr6.jpg,/plots/PMC4008386_gr6-2.jpg,800.0,45.0,77.0,105.0,125.0
/plots/PMC4008386_gr6.jpg,/plots/PMC4008386_gr6-2.jpg,600.0,45.0,77.0,162.0,182.0
/plots/PMC4008386_gr6.jpg,/plots/PMC4008386_gr6-2.jpg,400.0,45.0,77.0,218.0,237.0
/plots/PMC4008386_gr6.jpg,/plots/PMC4008386_gr6-2.jpg,200.0,45.0,77.0,274.0,294.0
/plots/PMC3944933_pone.0091047.g005.jpg,/plots/PMC3944933_pone.0091047.g005-1.jpg,10.0,17.0,28.0,16.0,27.0
/plots/PMC3944933_pone.0091047.g005.jpg,/plots/PMC3944933_pone.0091047.g005-1.jpg,8.0,21.0,28.0,41.0,52.0
/plots/PMC3944933_pone.0091047.g005.jpg,/plots/PMC3944933_pone.0091047.g005-1.jpg,6.0,21.0,28.0,66.0,77.0
/plots/PMC3944933_pone.0091047.g005.jpg,/plots/PMC3944933_pone.0091047.g005-1.jpg,4.0,20.0,27.0,92.0,102.0
/plots/PMC3944933_pone.0091047.g005.jpg,/plots/PMC3944933_pone.0091047.g005-1.jpg,2.0,20.0,28.0,117.0,127.0
/plots/PMC3944933_pone.0091047.g005.jpg,/plots/PMC3944933_pone.0091047.g005-1.jpg,0.0,21.0,27.0,142.0,154.0
/plots/PMC3944933_pone.0091047.g005.jpg,/plots/PMC3944933_pone.0091047.g005-4.jpg,10.0,16.0,27.0,18.0,28.0
/plots/PMC3944933_pone.0091047.g005.jpg,/plots/PMC3944933_pone.0091047.g005-4.jpg,8.0,20.0,27.0,42.0,53.0
/plots/PMC3944933_pone.0091047.g005.jpg,/plots/PMC3944933_pone.0091047.g005-4.jpg,6.0,20.0,27.0,67.0,78.0
/plots/PMC3944933_pone.0091047.g005.jpg,/plots/PMC3944933_pone.0091047.g005-4.jpg,4.0,20.0,27.0,93.0,104.0
/plots/PMC3944933_pone.0091047.g005.jpg,/plots/PMC3944933_pone.0091047.g005-4.jpg,2.0,20.0,27.0,118.0,128.0
/plots/PMC3944933_pone.0091047.g005.jpg,/plots/PMC3944933_pone.0091047.g005-4.jpg,0.0,20.0,27.0,143.0,154.0
/plots/PMC3944933_pone.0091047.g005.jpg,/plots/PMC3944933_pone.0091047.g005-5.jpg,10.0,8.0,20.0,18.0,28.0
/plots/PMC3944933_pone.0091047.g005.jpg,/plots/PMC3944933_pone.0091047.g005-5.jpg,8.0,13.0,19.0,42.0,53.0
/plots/PMC3944933_pone.0091047.g005.jpg,/plots/PMC3944933_pone.0091047.g005-5.jpg,6.0,13.0,20.0,67.0,78.0
/plots/PMC3944933_pone.0091047.g005.jpg,/plots/PMC3944933_pone.0091047.g005-5.jpg,4.0,13.0,19.0,93.0,102.0
/plots/PMC3944933_pone.0091047.g005.jpg,/plots/PMC3944933_pone.0091047.g005-5.jpg,2.0,13.0,19.0,117.0,128.0
/plots/PMC3944933_pone.0091047.g005.jpg,/plots/PMC3944933_pone.0091047.g005-5.jpg,0.0,13.0,19.0,142.0,153.0
/plots/PMC2137912_jem2040619f06.jpg,/plots/PMC2137912_jem2040619f06-0.jpg,1200.0,29.0,62.0,36.0,52.0
/plots/PMC2137912_jem2040619f06.jpg,/plots/PMC2137912_jem2040619f06-0.jpg,1000.0,27.0,62.0,67.0,83.0
/plots/PMC2137912_jem2040619f06.jpg,/plots/PMC2137912_jem2040619f06-0.jpg,800.0,32.0,61.0,100.0,116.0
/plots/PMC2137912_jem2040619f06.jpg,/plots/PMC2137912_jem2040619f06-0.jpg,600.0,32.0,61.0,132.0,147.0
/plots/PMC2137912_jem2040619f06.jpg,/plots/PMC2137912_jem2040619f06-0.jpg,400.0,32.0,61.0,164.0,179.0
/plots/PMC2137912_jem2040619f06.jpg,/plots/PMC2137912_jem2040619f06-0.jpg,200.0,31.0,61.0,196.0,211.0
/plots/PMC2137912_jem2040619f06.jpg,/plots/PMC2137912_jem2040619f06-1.jpg,3000.0,32.0,67.0,161.0,176.0
/plots/PMC2137912_jem2040619f06.jpg,/plots/PMC2137912_jem2040619f06-1.jpg,,164.0,218.0,146.0,174.0
/plots/PMC1088947_gb-2005-6-3-r28-2.jpg,/plots/PMC1088947_gb-2005-6-3-r28-2-0.jpg,8.0,14.0,24.0,27.0,41.0
/plots/PMC1088947_gb-2005-6-3-r28-2.jpg,/plots/PMC1088947_gb-2005-6-3-r28-2-0.jpg,6.0,16.0,26.0,50.0,64.0
/plots/PMC1088947_gb-2005-6-3-r28-2.jpg,/plots/PMC1088947_gb-2005-6-3-r28-2-0.jpg,,15.0,25.0,71.0,84.0
/plots/PMC1088947_gb-2005-6-3-r28-2.jpg,/plots/PMC1088947_gb-2005-6-3-r28-2-0.jpg,2.0,13.0,25.0,92.0,108.0
/plots/PMC1088947_gb-2005-6-3-r28-2.jpg,/plots/PMC1088947_gb-2005-6-3-r28-2-0.jpg,0.0,15.0,24.0,115.0,129.0
/plots/PMC1088947_gb-2005-6-3-r28-2.jpg,/plots/PMC1088947_gb-2005-6-3-r28-2-0.jpg,-2.0,11.0,28.0,137.0,151.0
/plots/PMC1088947_gb-2005-6-3-r28-2.jpg,/plots/PMC1088947_gb-2005-6-3-r28-2-0.jpg,,12.0,26.0,158.0,172.0
/plots/PMC1088947_gb-2005-6-3-r28-2.jpg,/plots/PMC1088947_gb-2005-6-3-r28-2-0.jpg,,13.0,29.0,180.0,195.0
/plots/PMC1088947_gb-2005-6-3-r28-2.jpg,/plots/PMC1088947_gb-2005-6-3-r28-2-0.jpg,2.0,16.0,29.0,202.0,217.0
/plots/PMC1074713_ijmsv01p0181g02.jpg,/plots/PMC1074713_ijmsv01p0181g02-0.jpg,40.0,15.0,26.0,47.0,56.0
/plots/PMC1074713_ijmsv01p0181g02.jpg,/plots/PMC1074713_ijmsv01p0181g02-0.jpg,,15.0,25.0,108.0,117.0
/plots/PMC1074713_ijmsv01p0181g02.jpg,/plots/PMC1074713_ijmsv01p0181g02-0.jpg,20.0,15.0,26.0,169.0,178.0
/plots/PMC1074713_ijmsv01p0181g02.jpg,/plots/PMC1074713_ijmsv01p0181g02-0.jpg,10.0,16.0,26.0,225.0,236.0
/plots/PMC2680831_1471-2342-9-6-6.jpg,/plots/PMC2680831_1471-2342-9-6-6-0.jpg,,438.0,509.0,294.0,358.0
/plots/PMC2680831_1471-2342-9-6-6.jpg,/plots/PMC2680831_1471-2342-9-6-6-0.jpg,,68.0,158.0,299.0,372.0
/plots/PMC2680831_1471-2342-9-6-6.jpg,/plots/PMC2680831_1471-2342-9-6-6-0.jpg,,118.0,208.0,296.0,371.0
/plots/PMC2680831_1471-2342-9-6-6.jpg,/plots/PMC2680831_1471-2342-9-6-6-0.jpg,,223.0,309.0,296.0,367.0
/plots/PMC2680831_1471-2342-9-6-6.jpg,/plots/PMC2680831_1471-2342-9-6-6-0.jpg,,285.0,362.0,293.0,360.0
/plots/PMC2680831_1471-2342-9-6-6.jpg,/plots/PMC2680831_1471-2342-9-6-6-0.jpg,,335.0,410.0,293.0,361.0
/plots/PMC2680831_1471-2342-9-6-6.jpg,/plots/PMC2680831_1471-2342-9-6-6-0.jpg,,389.0,460.0,293.0,358.0
/plots/PMC2680831_1471-2342-9-6-6.jpg,/plots/PMC2680831_1471-2342-9-6-6-0.jpg,,174.0,257.0,298.0,371.0
/plots/PMC1242354_1476-072X-4-21-4.jpg,/plots/PMC1242354_1476-072X-4-21-4-0.jpg,25.0,25.0,37.0,16.0,25.0
/plots/PMC1242354_1476-072X-4-21-4.jpg,/plots/PMC1242354_1476-072X-4-21-4-0.jpg,20.0,25.0,37.0,67.0,76.0
/plots/PMC1242354_1476-072X-4-21-4.jpg,/plots/PMC1242354_1476-072X-4-21-4-0.jpg,15.0,25.0,37.0,117.0,127.0
/plots/PMC1242354_1476-072X-4-21-4.jpg,/plots/PMC1242354_1476-072X-4-21-4-0.jpg,10.0,25.0,37.0,168.0,178.0
/plots/PMC1242354_1476-072X-4-21-4.jpg,/plots/PMC1242354_1476-072X-4-21-4-0.jpg,5.0,30.0,36.0,219.0,229.0
/plots/PMC1242354_1476-072X-4-21-4.jpg,/plots/PMC1242354_1476-072X-4-21-4-0.jpg,0.0,30.0,37.0,269.0,279.0
/plots/PMC1797161_1471-2210-7-1-7.jpg,/plots/PMC1797161_1471-2210-7-1-7-1.jpg,240.0,50.0,74.0,53.0,67.0
/plots/PMC1797161_1471-2210-7-1-7.jpg,/plots/PMC1797161_1471-2210-7-1-7-1.jpg,190.0,50.0,73.0,87.0,101.0
/plots/PMC1797161_1471-2210-7-1-7.jpg,/plots/PMC1797161_1471-2210-7-1-7-1.jpg,140.0,51.0,73.0,121.0,135.0
/plots/PMC1797161_1471-2210-7-1-7.jpg,/plots/PMC1797161_1471-2210-7-1-7-1.jpg,90.0,57.0,73.0,155.0,169.0
/plots/PMC1797161_1471-2210-7-1-7.jpg,/plots/PMC1797161_1471-2210-7-1-7-1.jpg,,57.0,73.0,189.0,203.0
/plots/PMC1797161_1471-2210-7-1-7.jpg,/plots/PMC1797161_1471-2210-7-1-7-1.jpg,-10.0,52.0,73.0,223.0,237.0
/plots/PMC1797161_1471-2210-7-1-7.jpg,/plots/PMC1797161_1471-2210-7-1-7-1.jpg,,41.0,107.0,236.0,290.0
/plots/PMC2842101_fnbeh-04-00008-g007.jpg,/plots/PMC2842101_fnbeh-04-00008-g007-0.jpg,125.0,23.0,33.0,16.0,23.0
/plots/PMC2842101_fnbeh-04-00008-g007.jpg,/plots/PMC2842101_fnbeh-04-00008-g007-0.jpg,,23.0,33.0,27.0,34.0
/plots/PMC2842101_fnbeh-04-00008-g007.jpg,/plots/PMC2842101_fnbeh-04-00008-g007-0.jpg,75.0,25.0,34.0,39.0,46.0
/plots/PMC2842101_fnbeh-04-00008-g007.jpg,/plots/PMC2842101_fnbeh-04-00008-g007-0.jpg,,25.0,33.0,50.0,58.0
/plots/PMC2842101_fnbeh-04-00008-g007.jpg,/plots/PMC2842101_fnbeh-04-00008-g007-0.jpg,,25.0,33.0,63.0,69.0
/plots/PMC2842101_fnbeh-04-00008-g007.jpg,/plots/PMC2842101_fnbeh-04-00008-g007-0.jpg,,29.0,33.0,73.0,80.0
/plots/PMC2842101_fnbeh-04-00008-g007.jpg,/plots/PMC2842101_fnbeh-04-00008-g007-1.jpg,125.0,31.0,43.0,17.0,24.0
/plots/PMC2842101_fnbeh-04-00008-g007.jpg,/plots/PMC2842101_fnbeh-04-00008-g007-1.jpg,100.0,31.0,42.0,29.0,36.0
/plots/PMC2842101_fnbeh-04-00008-g007.jpg,/plots/PMC2842101_fnbeh-04-00008-g007-1.jpg,75.0,33.0,43.0,40.0,46.0
/plots/PMC2842101_fnbeh-04-00008-g007.jpg,/plots/PMC2842101_fnbeh-04-00008-g007-1.jpg,,33.0,42.0,52.0,59.0
/plots/PMC2842101_fnbeh-04-00008-g007.jpg,/plots/PMC2842101_fnbeh-04-00008-g007-1.jpg,25.0,33.0,43.0,63.0,70.0
/plots/PMC2842101_fnbeh-04-00008-g007.jpg,/plots/PMC2842101_fnbeh-04-00008-g007-2.jpg,100.0,17.0,27.0,21.0,28.0
/plots/PMC2842101_fnbeh-04-00008-g007.jpg,/plots/PMC2842101_fnbeh-04-00008-g007-2.jpg,78.0,19.0,28.0,33.0,39.0
/plots/PMC2842101_fnbeh-04-00008-g007.jpg,/plots/PMC2842101_fnbeh-04-00008-g007-2.jpg,,19.0,28.0,44.0,51.0
/plots/PMC2842101_fnbeh-04-00008-g007.jpg,/plots/PMC2842101_fnbeh-04-00008-g007-2.jpg,2.0,19.0,27.0,55.0,61.0
/plots/PMC2842101_fnbeh-04-00008-g007.jpg,/plots/PMC2842101_fnbeh-04-00008-g007-2.jpg,9.0,23.0,27.0,66.0,73.0
/plots/PMC2842101_fnbeh-04-00008-g007.jpg,/plots/PMC2842101_fnbeh-04-00008-g007-2.jpg,125.0,18.0,28.0,11.0,16.0
/plots/PMC2603005_1756-6606-1-16-4.jpg,/plots/PMC2603005_1756-6606-1-16-4-1.jpg,160.0,54.0,81.0,24.0,40.0
/plots/PMC2603005_1756-6606-1-16-4.jpg,/plots/PMC2603005_1756-6606-1-16-4-1.jpg,140.0,54.0,81.0,53.0,69.0
/plots/PMC2603005_1756-6606-1-16-4.jpg,/plots/PMC2603005_1756-6606-1-16-4-1.jpg,120.0,54.0,81.0,82.0,99.0
/plots/PMC2603005_1756-6606-1-16-4.jpg,/plots/PMC2603005_1756-6606-1-16-4-1.jpg,100.0,54.0,81.0,112.0,129.0
/plots/PMC2603005_1756-6606-1-16-4.jpg,/plots/PMC2603005_1756-6606-1-16-4-1.jpg,80.0,61.0,82.0,141.0,158.0
/plots/PMC2603005_1756-6606-1-16-4.jpg,/plots/PMC2603005_1756-6606-1-16-4-1.jpg,60.0,61.0,82.0,170.0,187.0
/plots/PMC2603005_1756-6606-1-16-4.jpg,/plots/PMC2603005_1756-6606-1-16-4-1.jpg,,61.0,82.0,199.0,217.0
/plots/PMC2603005_1756-6606-1-16-4.jpg,/plots/PMC2603005_1756-6606-1-16-4-1.jpg,20.0,61.0,82.0,229.0,246.0
/plots/PMC2603005_1756-6606-1-16-4.jpg,/plots/PMC2603005_1756-6606-1-16-4-1.jpg,0.0,71.0,82.0,257.0,276.0
/plots/PMC2880596_pone.0010933.g006.jpg,/plots/PMC2880596_pone.0010933.g006-0.jpg,20.0,22.0,37.0,25.0,34.0
/plots/PMC2880596_pone.0010933.g006.jpg,/plots/PMC2880596_pone.0010933.g006-0.jpg,15.0,24.0,37.0,55.0,65.0
/plots/PMC2880596_pone.0010933.g006.jpg,/plots/PMC2880596_pone.0010933.g006-0.jpg,19.0,25.0,37.0,86.0,95.0
/plots/PMC2880596_pone.0010933.g006.jpg,/plots/PMC2880596_pone.0010933.g006-0.jpg,5.0,23.0,36.0,116.0,125.0
/plots/PMC2880596_pone.0010933.g006.jpg,/plots/PMC2880596_pone.0010933.g006-0.jpg,0.0,22.0,37.0,146.0,155.0
/plots/PMC3235214_1471-2164-12-573-6.jpg,/plots/PMC3235214_1471-2164-12-573-6-0.jpg,60.0,39.0,57.0,39.0,51.0
/plots/PMC3235214_1471-2164-12-573-6.jpg,/plots/PMC3235214_1471-2164-12-573-6-0.jpg,50.0,38.0,55.0,87.0,98.0
/plots/PMC3235214_1471-2164-12-573-6.jpg,/plots/PMC3235214_1471-2164-12-573-6-0.jpg,40.0,39.0,54.0,133.0,144.0
/plots/PMC3235214_1471-2164-12-573-6.jpg,/plots/PMC3235214_1471-2164-12-573-6-0.jpg,30.0,40.0,56.0,179.0,191.0
/plots/PMC3235214_1471-2164-12-573-6.jpg,/plots/PMC3235214_1471-2164-12-573-6-0.jpg,20.0,39.0,54.0,226.0,237.0
/plots/PMC3235214_1471-2164-12-573-6.jpg,/plots/PMC3235214_1471-2164-12-573-6-0.jpg,10.0,38.0,55.0,272.0,284.0
/plots/PMC3235214_1471-2164-12-573-6.jpg,/plots/PMC3235214_1471-2164-12-573-6-0.jpg,0.0,47.0,54.0,318.0,329.0
/plots/PMC3196509_pone.0025717.g004.jpg,/plots/PMC3196509_pone.0025717.g004-6.jpg,400.0,3.0,18.0,37.0,46.0
/plots/PMC3196509_pone.0025717.g004.jpg,/plots/PMC3196509_pone.0025717.g004-6.jpg,300.0,3.0,19.0,57.0,66.0
/plots/PMC3196509_pone.0025717.g004.jpg,/plots/PMC3196509_pone.0025717.g004-6.jpg,200.0,3.0,19.0,77.0,86.0
/plots/PMC3196509_pone.0025717.g004.jpg,/plots/PMC3196509_pone.0025717.g004-6.jpg,100.0,7.0,19.0,98.0,107.0
/plots/PMC3196509_pone.0025717.g004.jpg,/plots/PMC3196509_pone.0025717.g004-6.jpg,0.0,13.0,19.0,118.0,127.0
/plots/PMC3196509_pone.0025717.g004.jpg,/plots/PMC3196509_pone.0025717.g004-7.jpg,400.0,3.0,19.0,43.0,52.0
/plots/PMC3196509_pone.0025717.g004.jpg,/plots/PMC3196509_pone.0025717.g004-7.jpg,300.0,3.0,19.0,63.0,72.0
/plots/PMC3196509_pone.0025717.g004.jpg,/plots/PMC3196509_pone.0025717.g004-7.jpg,200.0,3.0,19.0,84.0,93.0
/plots/PMC3196509_pone.0025717.g004.jpg,/plots/PMC3196509_pone.0025717.g004-7.jpg,100.0,6.0,19.0,104.0,113.0
/plots/PMC3196509_pone.0025717.g004.jpg,/plots/PMC3196509_pone.0025717.g004-7.jpg,0.0,13.0,19.0,124.0,133.0
/plots/PMC3196509_pone.0025717.g004.jpg,/plots/PMC3196509_pone.0025717.g004-8.jpg,,88.0,101.0,129.0,135.0
/plots/PMC3196509_pone.0025717.g004.jpg,/plots/PMC3196509_pone.0025717.g004-8.jpg,,81.0,95.0,129.0,135.0
/plots/PMC3196509_pone.0025717.g004.jpg,/plots/PMC3196509_pone.0025717.g004-9.jpg,200.0,3.0,19.0,30.0,39.0
/plots/PMC3196509_pone.0025717.g004.jpg,/plots/PMC3196509_pone.0025717.g004-9.jpg,150.0,5.0,19.0,51.0,60.0
/plots/PMC3196509_pone.0025717.g004.jpg,/plots/PMC3196509_pone.0025717.g004-9.jpg,100.0,5.0,18.0,71.0,80.0
/plots/PMC3196509_pone.0025717.g004.jpg,/plots/PMC3196509_pone.0025717.g004-9.jpg,50.0,8.0,19.0,91.0,101.0
/plots/PMC3196509_pone.0025717.g004.jpg,/plots/PMC3196509_pone.0025717.g004-9.jpg,0.0,13.0,18.0,112.0,121.0
/plots/PMC3196509_pone.0025717.g004.jpg,/plots/PMC3196509_pone.0025717.g004-13.jpg,42.0,22.0,31.0,131.0,138.0
/plots/PMC3196509_pone.0025717.g004.jpg,/plots/PMC3196509_pone.0025717.g004-13.jpg,,29.0,39.0,132.0,138.0
/plots/PMC3196509_pone.0025717.g004.jpg,/plots/PMC3196509_pone.0025717.g004-14.jpg,300.0,-3.0,15.0,62.0,71.0
/plots/PMC3196509_pone.0025717.g004.jpg,/plots/PMC3196509_pone.0025717.g004-14.jpg,100.0,-4.0,14.0,83.0,92.0
/plots/PMC3196509_pone.0025717.g004.jpg,/plots/PMC3196509_pone.0025717.g004-14.jpg,300.0,-4.0,14.0,42.0,51.0
/plots/PMC3196509_pone.0025717.g004.jpg,/plots/PMC3196509_pone.0025717.g004-14.jpg,0.0,-3.0,14.0,103.0,112.0
/plots/PMC3196509_pone.0025717.g004.jpg,/plots/PMC3196509_pone.0025717.g004-14.jpg,0.0,7.0,14.0,123.0,132.0
/plots/PMC3196509_pone.0025717.g004.jpg,/plots/PMC3196509_pone.0025717.g004-15.jpg,60.0,113.0,125.0,29.0,38.0
/plots/PMC3196509_pone.0025717.g004.jpg,/plots/PMC3196509_pone.0025717.g004-15.jpg,40.0,114.0,125.0,56.0,65.0
/plots/PMC3196509_pone.0025717.g004.jpg,/plots/PMC3196509_pone.0025717.g004-15.jpg,20.0,114.0,125.0,83.0,92.0
/plots/PMC3196509_pone.0025717.g004.jpg,/plots/PMC3196509_pone.0025717.g004-15.jpg,0.0,119.0,125.0,110.0,119.0
/plots/PMC3196509_pone.0025717.g004.jpg,/plots/PMC3196509_pone.0025717.g004-15.jpg,,102.0,116.0,117.0,125.0
/plots/PMC3196509_pone.0025717.g004.jpg,/plots/PMC3196509_pone.0025717.g004-17.jpg,30.0,113.0,124.0,24.0,34.0
/plots/PMC3196509_pone.0025717.g004.jpg,/plots/PMC3196509_pone.0025717.g004-17.jpg,20.0,114.0,125.0,52.0,61.0
/plots/PMC3196509_pone.0025717.g004.jpg,/plots/PMC3196509_pone.0025717.g004-17.jpg,10.0,115.0,125.0,79.0,88.0
/plots/PMC3196509_pone.0025717.g004.jpg,/plots/PMC3196509_pone.0025717.g004-17.jpg,0.0,119.0,125.0,106.0,115.0
/plots/PMC3196509_pone.0025717.g004.jpg,/plots/PMC3196509_pone.0025717.g004-18.jpg,20.0,11.0,22.0,40.0,50.0
/plots/PMC3196509_pone.0025717.g004.jpg,/plots/PMC3196509_pone.0025717.g004-18.jpg,45.0,13.0,23.0,60.0,70.0
/plots/PMC3196509_pone.0025717.g004.jpg,/plots/PMC3196509_pone.0025717.g004-18.jpg,10.0,14.0,22.0,81.0,90.0
/plots/PMC3196509_pone.0025717.g004.jpg,/plots/PMC3196509_pone.0025717.g004-18.jpg,5.0,16.0,23.0,101.0,110.0
/plots/PMC3196509_pone.0025717.g004.jpg,/plots/PMC3196509_pone.0025717.g004-18.jpg,0.0,16.0,23.0,121.0,130.0
/plots/PMC3196509_pone.0025717.g004.jpg,/plots/PMC3196509_pone.0025717.g004-19.jpg,300.0,113.0,129.0,35.0,44.0
/plots/PMC3196509_pone.0025717.g004.jpg,/plots/PMC3196509_pone.0025717.g004-19.jpg,200.0,113.0,129.0,62.0,71.0
/plots/PMC3196509_pone.0025717.g004.jpg,/plots/PMC3196509_pone.0025717.g004-19.jpg,100.0,115.0,129.0,89.0,98.0
/plots/PMC3196509_pone.0025717.g004.jpg,/plots/PMC3196509_pone.0025717.g004-19.jpg,0.0,123.0,130.0,116.0,125.0
/plots/PMC3196509_pone.0025717.g004.jpg,/plots/PMC3196509_pone.0025717.g004-23.jpg,200.0,111.0,127.0,41.0,50.0
/plots/PMC3196509_pone.0025717.g004.jpg,/plots/PMC3196509_pone.0025717.g004-23.jpg,150.0,112.0,127.0,61.0,70.0
/plots/PMC3196509_pone.0025717.g004.jpg,/plots/PMC3196509_pone.0025717.g004-23.jpg,0.0,114.0,127.0,82.0,91.0
/plots/PMC3196509_pone.0025717.g004.jpg,/plots/PMC3196509_pone.0025717.g004-23.jpg,50.0,116.0,127.0,102.0,111.0
/plots/PMC3196509_pone.0025717.g004.jpg,/plots/PMC3196509_pone.0025717.g004-23.jpg,0.0,121.0,127.0,122.0,131.0
/plots/PMC3196509_pone.0025717.g004.jpg,/plots/PMC3196509_pone.0025717.g004-24.jpg,30.0,18.0,30.0,37.0,46.0
/plots/PMC3196509_pone.0025717.g004.jpg,/plots/PMC3196509_pone.0025717.g004-24.jpg,20.0,18.0,30.0,64.0,73.0
/plots/PMC3196509_pone.0025717.g004.jpg,/plots/PMC3196509_pone.0025717.g004-24.jpg,10.0,20.0,30.0,91.0,100.0
/plots/PMC3196509_pone.0025717.g004.jpg,/plots/PMC3196509_pone.0025717.g004-24.jpg,0.0,24.0,30.0,118.0,127.0
/plots/PMC2885309_1477-3155-8-9-4.jpg,/plots/PMC2885309_1477-3155-8-9-4-0.jpg,100.0,62.0,89.0,71.0,86.0
/plots/PMC2885309_1477-3155-8-9-4.jpg,/plots/PMC2885309_1477-3155-8-9-4-0.jpg,80.0,70.0,89.0,111.0,125.0
/plots/PMC2885309_1477-3155-8-9-4.jpg,/plots/PMC2885309_1477-3155-8-9-4-0.jpg,60.0,70.0,89.0,150.0,165.0
/plots/PMC2885309_1477-3155-8-9-4.jpg,/plots/PMC2885309_1477-3155-8-9-4-0.jpg,40.0,70.0,89.0,189.0,203.0
/plots/PMC2885309_1477-3155-8-9-4.jpg,/plots/PMC2885309_1477-3155-8-9-4-0.jpg,20.0,71.0,89.0,229.0,243.0
/plots/PMC2885309_1477-3155-8-9-4.jpg,/plots/PMC2885309_1477-3155-8-9-4-0.jpg,0.0,77.0,87.0,267.0,281.0
/plots/PMC2885309_1477-3155-8-9-4.jpg,/plots/PMC2885309_1477-3155-8-9-4-0.jpg,,55.0,127.0,362.0,427.0
/plots/PMC2932684_pgen.1001087.g006.jpg,/plots/PMC2932684_pgen.1001087.g006-0.jpg,2.5,84.0,108.0,36.0,51.0
/plots/PMC2932684_pgen.1001087.g006.jpg,/plots/PMC2932684_pgen.1001087.g006-0.jpg,2.0,84.0,108.0,82.0,97.0
/plots/PMC2932684_pgen.1001087.g006.jpg,/plots/PMC2932684_pgen.1001087.g006-0.jpg,15.0,84.0,107.0,129.0,144.0
/plots/PMC2932684_pgen.1001087.g006.jpg,/plots/PMC2932684_pgen.1001087.g006-0.jpg,1.0,86.0,110.0,177.0,192.0
/plots/PMC2932684_pgen.1001087.g006.jpg,/plots/PMC2932684_pgen.1001087.g006-0.jpg,0.5,86.0,110.0,224.0,239.0
/plots/PMC2932684_pgen.1001087.g006.jpg,/plots/PMC2932684_pgen.1001087.g006-0.jpg,0.0,85.0,109.0,272.0,287.0
/plots/PMC2927552_pone.0012395.g004.jpg,/plots/PMC2927552_pone.0012395.g004-0.jpg,25.0,27.0,41.0,29.0,40.0
/plots/PMC2927552_pone.0012395.g004.jpg,/plots/PMC2927552_pone.0012395.g004-0.jpg,20.0,27.0,42.0,66.0,78.0
/plots/PMC2927552_pone.0012395.g004.jpg,/plots/PMC2927552_pone.0012395.g004-0.jpg,15.0,28.0,42.0,103.0,115.0
/plots/PMC2927552_pone.0012395.g004.jpg,/plots/PMC2927552_pone.0012395.g004-0.jpg,10.0,27.0,41.0,142.0,153.0
/plots/PMC2927552_pone.0012395.g004.jpg,/plots/PMC2927552_pone.0012395.g004-0.jpg,5.0,34.0,41.0,179.0,190.0
/plots/PMC2927552_pone.0012395.g004.jpg,/plots/PMC2927552_pone.0012395.g004-0.jpg,0.0,34.0,40.0,217.0,228.0
/plots/PMC2927552_pone.0012395.g004.jpg,/plots/PMC2927552_pone.0012395.g004-1.jpg,500.0,26.0,45.0,30.0,40.0
/plots/PMC2927552_pone.0012395.g004.jpg,/plots/PMC2927552_pone.0012395.g004-1.jpg,400.0,25.0,45.0,67.0,78.0
/plots/PMC2927552_pone.0012395.g004.jpg,/plots/PMC2927552_pone.0012395.g004-1.jpg,300.0,25.0,45.0,104.0,116.0
/plots/PMC2927552_pone.0012395.g004.jpg,/plots/PMC2927552_pone.0012395.g004-1.jpg,200.0,25.0,45.0,142.0,154.0
/plots/PMC2927552_pone.0012395.g004.jpg,/plots/PMC2927552_pone.0012395.g004-1.jpg,100.0,26.0,45.0,180.0,191.0
/plots/PMC2927552_pone.0012395.g004.jpg,/plots/PMC2927552_pone.0012395.g004-1.jpg,0.0,38.0,45.0,219.0,229.0
/plots/PMC3261143_pone.0029532.g002.jpg,/plots/PMC3261143_pone.0029532.g002-1.jpg,300.0,18.0,34.0,21.0,30.0
/plots/PMC3261143_pone.0029532.g002.jpg,/plots/PMC3261143_pone.0029532.g002-1.jpg,2.0,18.0,35.0,55.0,63.0
/plots/PMC3261143_pone.0029532.g002.jpg,/plots/PMC3261143_pone.0029532.g002-1.jpg,1.0,19.0,34.0,88.0,96.0
/plots/PMC3261143_pone.0029532.g002.jpg,/plots/PMC3261143_pone.0029532.g002-1.jpg,0.0,18.0,34.0,121.0,130.0
/plots/PMC3261143_pone.0029532.g002.jpg,/plots/PMC3261143_pone.0029532.g002-1.jpg,,4.0,39.0,137.0,153.0
/plots/PMC3261143_pone.0029532.g002.jpg,/plots/PMC3261143_pone.0029532.g002-4.jpg,,15.0,40.0,72.0,81.0
/plots/PMC3261143_pone.0029532.g002.jpg,/plots/PMC3261143_pone.0029532.g002-4.jpg,,15.0,37.0,96.0,107.0
/plots/PMC3261143_pone.0029532.g002.jpg,/plots/PMC3261143_pone.0029532.g002-5.jpg,0.3,29.0,42.0,44.0,53.0
/plots/PMC3261143_pone.0029532.g002.jpg,/plots/PMC3261143_pone.0029532.g002-5.jpg,0.28,25.0,42.0,72.0,81.0
/plots/PMC3261143_pone.0029532.g002.jpg,/plots/PMC3261143_pone.0029532.g002-5.jpg,0.26,25.0,42.0,101.0,110.0
/plots/PMC3261143_pone.0029532.g002.jpg,/plots/PMC3261143_pone.0029532.g002-5.jpg,0.24,25.0,42.0,129.0,138.0
/plots/PMC3261143_pone.0029532.g002.jpg,/plots/PMC3261143_pone.0029532.g002-5.jpg,0.22,24.0,42.0,158.0,167.0
/plots/PMC3261143_pone.0029532.g002.jpg,/plots/PMC3261143_pone.0029532.g002-5.jpg,0.2,29.0,42.0,187.0,195.0
/plots/PMC3174159_pone.0024250.g003.jpg,/plots/PMC3174159_pone.0024250.g003-0.jpg,0.9,30.0,45.0,20.0,32.0
/plots/PMC3174159_pone.0024250.g003.jpg,/plots/PMC3174159_pone.0024250.g003-0.jpg,0.8,30.0,45.0,35.0,46.0
/plots/PMC3174159_pone.0024250.g003.jpg,/plots/PMC3174159_pone.0024250.g003-0.jpg,0.7,29.0,45.0,49.0,61.0
/plots/PMC3174159_pone.0024250.g003.jpg,/plots/PMC3174159_pone.0024250.g003-0.jpg,0.6,30.0,45.0,64.0,76.0
/plots/PMC3174159_pone.0024250.g003.jpg,/plots/PMC3174159_pone.0024250.g003-0.jpg,0.5,29.0,45.0,79.0,90.0
/plots/PMC3174159_pone.0024250.g003.jpg,/plots/PMC3174159_pone.0024250.g003-0.jpg,0.4,30.0,45.0,93.0,104.0
/plots/PMC3174159_pone.0024250.g003.jpg,/plots/PMC3174159_pone.0024250.g003-0.jpg,0.3,30.0,45.0,108.0,119.0
/plots/PMC3174159_pone.0024250.g003.jpg,/plots/PMC3174159_pone.0024250.g003-0.jpg,0.2,29.0,45.0,122.0,134.0
/plots/PMC3174159_pone.0024250.g003.jpg,/plots/PMC3174159_pone.0024250.g003-0.jpg,0.1,29.0,45.0,136.0,147.0
/plots/PMC3174159_pone.0024250.g003.jpg,/plots/PMC3174159_pone.0024250.g003-0.jpg,0.0,30.0,45.0,151.0,162.0
/plots/PMC3174159_pone.0024250.g003.jpg,/plots/PMC3174159_pone.0024250.g003-1.jpg,100.0,36.0,50.0,44.0,52.0
/plots/PMC3174159_pone.0024250.g003.jpg,/plots/PMC3174159_pone.0024250.g003-1.jpg,75.0,40.0,50.0,69.0,78.0
/plots/PMC3174159_pone.0024250.g003.jpg,/plots/PMC3174159_pone.0024250.g003-1.jpg,,39.0,50.0,95.0,103.0
/plots/PMC3174159_pone.0024250.g003.jpg,/plots/PMC3174159_pone.0024250.g003-1.jpg,25.0,38.0,50.0,120.0,128.0
/plots/PMC3174159_pone.0024250.g003.jpg,/plots/PMC3174159_pone.0024250.g003-1.jpg,0.0,43.0,50.0,145.0,154.0
/plots/PMC3281059_pone.0031385.g007.jpg,/plots/PMC3281059_pone.0031385.g007-15.jpg,14.0,6.0,15.0,22.0,29.0
/plots/PMC3281059_pone.0031385.g007.jpg,/plots/PMC3281059_pone.0031385.g007-15.jpg,12.0,7.0,16.0,44.0,52.0
/plots/PMC3281059_pone.0031385.g007.jpg,/plots/PMC3281059_pone.0031385.g007-15.jpg,10.0,8.0,15.0,65.0,75.0
/plots/PMC3281059_pone.0031385.g007.jpg,/plots/PMC3281059_pone.0031385.g007-15.jpg,8.0,10.0,16.0,88.0,97.0
/plots/PMC3281059_pone.0031385.g007.jpg,/plots/PMC3281059_pone.0031385.g007-15.jpg,6.0,10.0,15.0,111.0,119.0
/plots/PMC3281059_pone.0031385.g007.jpg,/plots/PMC3281059_pone.0031385.g007-15.jpg,4.0,10.0,15.0,133.0,140.0
/plots/PMC3281059_pone.0031385.g007.jpg,/plots/PMC3281059_pone.0031385.g007-15.jpg,2.0,10.0,16.0,154.0,163.0
/plots/PMC3281059_pone.0031385.g007.jpg,/plots/PMC3281059_pone.0031385.g007-15.jpg,0.0,10.0,16.0,177.0,186.0
/plots/PMC3405141_pone.0041412.g001.jpg,/plots/PMC3405141_pone.0041412.g001-0.jpg,,48.0,71.0,119.0,131.0
/plots/PMC3405141_pone.0041412.g001.jpg,/plots/PMC3405141_pone.0041412.g001-0.jpg,,45.0,71.0,132.0,145.0
/plots/PMC3405141_pone.0041412.g001.jpg,/plots/PMC3405141_pone.0041412.g001-0.jpg,,45.0,71.0,35.0,47.0
/plots/PMC3405141_pone.0041412.g001.jpg,/plots/PMC3405141_pone.0041412.g001-0.jpg,,49.0,75.0,19.0,31.0
/plots/PMC3405141_pone.0041412.g001.jpg,/plots/PMC3405141_pone.0041412.g001-6.jpg,5.0,54.0,67.0,47.0,55.0
/plots/PMC3405141_pone.0041412.g001.jpg,/plots/PMC3405141_pone.0041412.g001-6.jpg,4.0,54.0,66.0,67.0,76.0
/plots/PMC3405141_pone.0041412.g001.jpg,/plots/PMC3405141_pone.0041412.g001-6.jpg,3.0,54.0,66.0,87.0,97.0
/plots/PMC3405141_pone.0041412.g001.jpg,/plots/PMC3405141_pone.0041412.g001-6.jpg,0.2,54.0,66.0,109.0,118.0
/plots/PMC3405141_pone.0041412.g001.jpg,/plots/PMC3405141_pone.0041412.g001-6.jpg,0.1,55.0,65.0,131.0,139.0
/plots/PMC3405141_pone.0041412.g001.jpg,/plots/PMC3405141_pone.0041412.g001-6.jpg,,61.0,66.0,151.0,160.0
/plots/PMC3405141_pone.0041412.g001.jpg,/plots/PMC3405141_pone.0041412.g001-7.jpg,16.0,37.0,46.0,27.0,34.0
/plots/PMC3405141_pone.0041412.g001.jpg,/plots/PMC3405141_pone.0041412.g001-7.jpg,12.0,37.0,46.0,58.0,66.0
/plots/PMC3405141_pone.0041412.g001.jpg,/plots/PMC3405141_pone.0041412.g001-7.jpg,10.0,37.0,46.0,74.0,83.0
/plots/PMC3405141_pone.0041412.g001.jpg,/plots/PMC3405141_pone.0041412.g001-7.jpg,8.0,40.0,45.0,90.0,99.0
/plots/PMC3405141_pone.0041412.g001.jpg,/plots/PMC3405141_pone.0041412.g001-7.jpg,,40.0,45.0,107.0,115.0
/plots/PMC3405141_pone.0041412.g001.jpg,/plots/PMC3405141_pone.0041412.g001-7.jpg,2.0,40.0,45.0,138.0,146.0
/plots/PMC3405141_pone.0041412.g001.jpg,/plots/PMC3405141_pone.0041412.g001-7.jpg,,40.0,45.0,155.0,163.0
/plots/PMC3405141_pone.0041412.g001.jpg,/plots/PMC3405141_pone.0041412.g001-7.jpg,,37.0,45.0,42.0,51.0
/plots/PMC3557388_284_2012_274_Fig2_HTML.jpg,/plots/PMC3557388_284_2012_274_Fig2_HTML-0.jpg,50.0,30.0,71.0,26.0,38.0
/plots/PMC3557388_284_2012_274_Fig2_HTML.jpg,/plots/PMC3557388_284_2012_274_Fig2_HTML-0.jpg,48.0,30.0,71.0,66.0,79.0
/plots/PMC3557388_284_2012_274_Fig2_HTML.jpg,/plots/PMC3557388_284_2012_274_Fig2_HTML-0.jpg,46.0,30.0,71.0,105.0,118.0
/plots/PMC3557388_284_2012_274_Fig2_HTML.jpg,/plots/PMC3557388_284_2012_274_Fig2_HTML-0.jpg,44.0,30.0,71.0,144.0,157.0
/plots/PMC3557388_284_2012_274_Fig2_HTML.jpg,/plots/PMC3557388_284_2012_274_Fig2_HTML-0.jpg,42.0,30.0,71.0,183.0,196.0
/plots/PMC3557388_284_2012_274_Fig2_HTML.jpg,/plots/PMC3557388_284_2012_274_Fig2_HTML-0.jpg,40.0,30.0,71.0,221.0,234.0
/plots/PMC3527599_pone.0052578.g003.jpg,/plots/PMC3527599_pone.0052578.g003-0.jpg,350.0,63.0,81.0,14.0,24.0
/plots/PMC3527599_pone.0052578.g003.jpg,/plots/PMC3527599_pone.0052578.g003-0.jpg,300.0,63.0,81.0,39.0,50.0
/plots/PMC3527599_pone.0052578.g003.jpg,/plots/PMC3527599_pone.0052578.g003-0.jpg,250.0,63.0,81.0,64.0,74.0
/plots/PMC3527599_pone.0052578.g003.jpg,/plots/PMC3527599_pone.0052578.g003-0.jpg,200.0,63.0,81.0,89.0,100.0
/plots/PMC3527599_pone.0052578.g003.jpg,/plots/PMC3527599_pone.0052578.g003-0.jpg,150.0,63.0,81.0,114.0,124.0
/plots/PMC3527599_pone.0052578.g003.jpg,/plots/PMC3527599_pone.0052578.g003-0.jpg,100.0,63.0,80.0,139.0,149.0
/plots/PMC3527599_pone.0052578.g003.jpg,/plots/PMC3527599_pone.0052578.g003-0.jpg,50.0,68.0,81.0,164.0,175.0
/plots/PMC3527599_pone.0052578.g003.jpg,/plots/PMC3527599_pone.0052578.g003-0.jpg,0.0,74.0,81.0,188.0,199.0
/plots/PMC3527599_pone.0052578.g003.jpg,/plots/PMC3527599_pone.0052578.g003-2.jpg,180.0,59.0,77.0,24.0,34.0
/plots/PMC3527599_pone.0052578.g003.jpg,/plots/PMC3527599_pone.0052578.g003-2.jpg,160.0,59.0,77.0,44.0,55.0
/plots/PMC3527599_pone.0052578.g003.jpg,/plots/PMC3527599_pone.0052578.g003-2.jpg,140.0,60.0,77.0,63.0,74.0
/plots/PMC3527599_pone.0052578.g003.jpg,/plots/PMC3527599_pone.0052578.g003-2.jpg,120.0,60.0,78.0,83.0,93.0
/plots/PMC3527599_pone.0052578.g003.jpg,/plots/PMC3527599_pone.0052578.g003-2.jpg,100.0,60.0,77.0,103.0,113.0
/plots/PMC3527599_pone.0052578.g003.jpg,/plots/PMC3527599_pone.0052578.g003-2.jpg,80.0,64.0,77.0,123.0,133.0
/plots/PMC3527599_pone.0052578.g003.jpg,/plots/PMC3527599_pone.0052578.g003-2.jpg,60.0,65.0,77.0,142.0,153.0
/plots/PMC3527599_pone.0052578.g003.jpg,/plots/PMC3527599_pone.0052578.g003-2.jpg,,65.0,77.0,162.0,172.0
/plots/PMC3527599_pone.0052578.g003.jpg,/plots/PMC3527599_pone.0052578.g003-2.jpg,20.0,65.0,77.0,183.0,192.0
/plots/PMC3527599_pone.0052578.g003.jpg,/plots/PMC3527599_pone.0052578.g003-2.jpg,0.0,70.0,77.0,203.0,212.0
/plots/PMC3583611_OR-27-04-1177-g3.jpg,/plots/PMC3583611_OR-27-04-1177-g3-1.jpg,,34.0,53.0,49.0,62.0
/plots/PMC3583611_OR-27-04-1177-g3.jpg,/plots/PMC3583611_OR-27-04-1177-g3-1.jpg,2.0,45.0,52.0,82.0,94.0
/plots/PMC3583611_OR-27-04-1177-g3.jpg,/plots/PMC3583611_OR-27-04-1177-g3-1.jpg,1.5,33.0,53.0,115.0,127.0
/plots/PMC3583611_OR-27-04-1177-g3.jpg,/plots/PMC3583611_OR-27-04-1177-g3-1.jpg,,45.0,51.0,148.0,160.0
/plots/PMC3583611_OR-27-04-1177-g3.jpg,/plots/PMC3583611_OR-27-04-1177-g3-1.jpg,0.5,33.0,53.0,180.0,192.0
/plots/PMC3583611_OR-27-04-1177-g3.jpg,/plots/PMC3583611_OR-27-04-1177-g3-1.jpg,0.0,45.0,51.0,212.0,224.0
/plots/PMC3362563_pone.0038181.g006.jpg,/plots/PMC3362563_pone.0038181.g006-0.jpg,6.0,29.0,35.0,26.0,34.0
/plots/PMC3362563_pone.0038181.g006.jpg,/plots/PMC3362563_pone.0038181.g006-0.jpg,5.0,30.0,35.0,42.0,50.0
/plots/PMC3362563_pone.0038181.g006.jpg,/plots/PMC3362563_pone.0038181.g006-0.jpg,0.0,30.0,35.0,124.0,133.0
/plots/PMC3362563_pone.0038181.g006.jpg,/plots/PMC3362563_pone.0038181.g006-0.jpg,3.0,30.0,35.0,75.0,83.0
/plots/PMC3362563_pone.0038181.g006.jpg,/plots/PMC3362563_pone.0038181.g006-2.jpg,3.0,45.0,51.0,41.0,49.0
/plots/PMC3362563_pone.0038181.g006.jpg,/plots/PMC3362563_pone.0038181.g006-2.jpg,2.0,45.0,51.0,69.0,78.0
/plots/PMC3362563_pone.0038181.g006.jpg,/plots/PMC3362563_pone.0038181.g006-2.jpg,0.0,45.0,51.0,126.0,134.0
/plots/PMC3411656_pone.0042318.g006.jpg,/plots/PMC3411656_pone.0042318.g006-0.jpg,,238.0,255.0,350.0,371.0
/plots/PMC3411656_pone.0042318.g006.jpg,/plots/PMC3411656_pone.0042318.g006-0.jpg,,316.0,334.0,350.0,371.0
/plots/PMC3411656_pone.0042318.g006.jpg,/plots/PMC3411656_pone.0042318.g006-0.jpg,,349.0,376.0,351.0,370.0
/plots/PMC3411656_pone.0042318.g006.jpg,/plots/PMC3411656_pone.0042318.g006-0.jpg,,278.0,294.0,350.0,371.0
/plots/PMC3586084_bmjopen2012002353f02.jpg,/plots/PMC3586084_bmjopen2012002353f02-0.jpg,,390.0,451.0,528.0,545.0
/plots/PMC3586084_bmjopen2012002353f02.jpg,/plots/PMC3586084_bmjopen2012002353f02-0.jpg,,391.0,450.0,446.0,463.0
/plots/PMC3586084_bmjopen2012002353f02.jpg,/plots/PMC3586084_bmjopen2012002353f02-0.jpg,,386.0,441.0,566.0,582.0
/plots/PMC3590179_pone.0058310.g007.jpg,/plots/PMC3590179_pone.0058310.g007-0.jpg,40.0,23.0,36.0,22.0,33.0
/plots/PMC3590179_pone.0058310.g007.jpg,/plots/PMC3590179_pone.0058310.g007-0.jpg,30.0,23.0,37.0,61.0,73.0
/plots/PMC3590179_pone.0058310.g007.jpg,/plots/PMC3590179_pone.0058310.g007-0.jpg,20.0,23.0,37.0,100.0,112.0
/plots/PMC3590179_pone.0058310.g007.jpg,/plots/PMC3590179_pone.0058310.g007-0.jpg,10.0,24.0,37.0,141.0,152.0
/plots/PMC3590179_pone.0058310.g007.jpg,/plots/PMC3590179_pone.0058310.g007-0.jpg,0.0,29.0,36.0,180.0,191.0
/plots/PMC3590179_pone.0058310.g007.jpg,/plots/PMC3590179_pone.0058310.g007-1.jpg,0.0,22.0,28.0,179.0,189.0
/plots/PMC3590179_pone.0058310.g007.jpg,/plots/PMC3590179_pone.0058310.g007-1.jpg,6.0,21.0,28.0,24.0,34.0
/plots/PMC3590179_pone.0058310.g007.jpg,/plots/PMC3590179_pone.0058310.g007-2.jpg,60.0,49.0,63.0,28.0,40.0
/plots/PMC3590179_pone.0058310.g007.jpg,/plots/PMC3590179_pone.0058310.g007-2.jpg,40.0,49.0,63.0,81.0,93.0
/plots/PMC3590179_pone.0058310.g007.jpg,/plots/PMC3590179_pone.0058310.g007-2.jpg,20.0,49.0,62.0,134.0,146.0
/plots/PMC3590179_pone.0058310.g007.jpg,/plots/PMC3590179_pone.0058310.g007-2.jpg,0.0,55.0,63.0,187.0,199.0
/plots/PMC3590179_pone.0058310.g007.jpg,/plots/PMC3590179_pone.0058310.g007-6.jpg,8.0,32.0,39.0,28.0,39.0
/plots/PMC3590179_pone.0058310.g007.jpg,/plots/PMC3590179_pone.0058310.g007-6.jpg,6.0,32.0,39.0,66.0,78.0
/plots/PMC3590179_pone.0058310.g007.jpg,/plots/PMC3590179_pone.0058310.g007-6.jpg,,31.0,38.0,106.0,116.0
/plots/PMC3590179_pone.0058310.g007.jpg,/plots/PMC3590179_pone.0058310.g007-6.jpg,2.0,31.0,39.0,144.0,155.0
/plots/PMC3590179_pone.0058310.g007.jpg,/plots/PMC3590179_pone.0058310.g007-6.jpg,0.0,32.0,38.0,183.0,194.0
/plots/PMC3603300_MI2013-720689.003.jpg,/plots/PMC3603300_MI2013-720689.003-0.jpg,5000.0,68.0,106.0,92.0,109.0
/plots/PMC3603300_MI2013-720689.003.jpg,/plots/PMC3603300_MI2013-720689.003-0.jpg,4000.0,67.0,106.0,148.0,164.0
/plots/PMC3603300_MI2013-720689.003.jpg,/plots/PMC3603300_MI2013-720689.003-0.jpg,3000.0,67.0,107.0,203.0,219.0
/plots/PMC3603300_MI2013-720689.003.jpg,/plots/PMC3603300_MI2013-720689.003-0.jpg,2000.0,67.0,106.0,257.0,274.0
/plots/PMC3603300_MI2013-720689.003.jpg,/plots/PMC3603300_MI2013-720689.003-0.jpg,1000.0,67.0,105.0,312.0,329.0
/plots/PMC3603300_MI2013-720689.003.jpg,/plots/PMC3603300_MI2013-720689.003-0.jpg,0.0,95.0,105.0,366.0,383.0
/plots/PMC3603300_MI2013-720689.003.jpg,/plots/PMC3603300_MI2013-720689.003-0.jpg,,79.0,112.0,428.0,446.0
/plots/PMC3603300_MI2013-720689.003.jpg,/plots/PMC3603300_MI2013-720689.003-1.jpg,15000.0,59.0,107.0,27.0,43.0
/plots/PMC3603300_MI2013-720689.003.jpg,/plots/PMC3603300_MI2013-720689.003-1.jpg,12000.0,62.0,107.0,81.0,98.0
/plots/PMC3603300_MI2013-720689.003.jpg,/plots/PMC3603300_MI2013-720689.003-1.jpg,9000.0,65.0,105.0,135.0,153.0
/plots/PMC3603300_MI2013-720689.003.jpg,/plots/PMC3603300_MI2013-720689.003-1.jpg,6000.0,66.0,106.0,190.0,207.0
/plots/PMC3603300_MI2013-720689.003.jpg,/plots/PMC3603300_MI2013-720689.003-1.jpg,3000.0,66.0,107.0,244.0,262.0
/plots/PMC3603300_MI2013-720689.003.jpg,/plots/PMC3603300_MI2013-720689.003-2.jpg,,68.0,89.0,44.0,59.0
/plots/PMC3603300_MI2013-720689.003.jpg,/plots/PMC3603300_MI2013-720689.003-2.jpg,2.0,68.0,90.0,99.0,114.0
/plots/PMC3603300_MI2013-720689.003.jpg,/plots/PMC3603300_MI2013-720689.003-2.jpg,1.5,69.0,89.0,156.0,171.0
/plots/PMC3603300_MI2013-720689.003.jpg,/plots/PMC3603300_MI2013-720689.003-2.jpg,1.0,68.0,90.0,212.0,226.0
/plots/PMC3603300_MI2013-720689.003.jpg,/plots/PMC3603300_MI2013-720689.003-2.jpg,0.5,68.0,89.0,268.0,282.0
/plots/PMC3603300_MI2013-720689.003.jpg,/plots/PMC3603300_MI2013-720689.003-2.jpg,0.0,68.0,89.0,323.0,337.0
/plots/PMC3603300_MI2013-720689.003.jpg,/plots/PMC3603300_MI2013-720689.003-2.jpg,10.0,69.0,89.0,344.0,361.0
/plots/PMC3641330_cddis2013107f4.jpg,/plots/PMC3641330_cddis2013107f4-1.jpg,40.0,26.0,41.0,26.0,39.0
/plots/PMC3641330_cddis2013107f4.jpg,/plots/PMC3641330_cddis2013107f4-1.jpg,35.0,26.0,42.0,43.0,57.0
/plots/PMC3641330_cddis2013107f4.jpg,/plots/PMC3641330_cddis2013107f4-1.jpg,30.0,26.0,41.0,60.0,74.0
/plots/PMC3641330_cddis2013107f4.jpg,/plots/PMC3641330_cddis2013107f4-1.jpg,25.0,26.0,42.0,78.0,92.0
/plots/PMC3641330_cddis2013107f4.jpg,/plots/PMC3641330_cddis2013107f4-1.jpg,20.0,25.0,41.0,95.0,109.0
/plots/PMC3641330_cddis2013107f4.jpg,/plots/PMC3641330_cddis2013107f4-1.jpg,15.0,27.0,41.0,113.0,126.0
/plots/PMC3641330_cddis2013107f4.jpg,/plots/PMC3641330_cddis2013107f4-1.jpg,10.0,28.0,41.0,130.0,143.0
/plots/PMC3641330_cddis2013107f4.jpg,/plots/PMC3641330_cddis2013107f4-1.jpg,5.0,32.0,42.0,147.0,160.0
/plots/PMC3641330_cddis2013107f4.jpg,/plots/PMC3641330_cddis2013107f4-1.jpg,0.0,33.0,40.0,165.0,178.0
/plots/PMC3641330_cddis2013107f4.jpg,/plots/PMC3641330_cddis2013107f4-2.jpg,300.0,23.0,45.0,4.0,16.0
/plots/PMC3641330_cddis2013107f4.jpg,/plots/PMC3641330_cddis2013107f4-2.jpg,250.0,22.0,46.0,38.0,52.0
/plots/PMC3641330_cddis2013107f4.jpg,/plots/PMC3641330_cddis2013107f4-2.jpg,200.0,22.0,46.0,74.0,87.0
/plots/PMC3641330_cddis2013107f4.jpg,/plots/PMC3641330_cddis2013107f4-2.jpg,150.0,25.0,46.0,108.0,123.0
/plots/PMC3641330_cddis2013107f4.jpg,/plots/PMC3641330_cddis2013107f4-2.jpg,100.0,25.0,47.0,145.0,158.0
/plots/PMC3641330_cddis2013107f4.jpg,/plots/PMC3641330_cddis2013107f4-2.jpg,,29.0,47.0,180.0,194.0
/plots/PMC3641330_cddis2013107f4.jpg,/plots/PMC3641330_cddis2013107f4-2.jpg,4.0,36.0,47.0,213.0,229.0
/plots/PMC3641330_cddis2013107f4.jpg,/plots/PMC3641330_cddis2013107f4-3.jpg,5.0,59.0,75.0,45.0,59.0
/plots/PMC3641330_cddis2013107f4.jpg,/plots/PMC3641330_cddis2013107f4-3.jpg,35.0,59.0,76.0,62.0,76.0
/plots/PMC3641330_cddis2013107f4.jpg,/plots/PMC3641330_cddis2013107f4-3.jpg,30.0,59.0,75.0,80.0,94.0
/plots/PMC3641330_cddis2013107f4.jpg,/plots/PMC3641330_cddis2013107f4-3.jpg,25.0,60.0,76.0,97.0,111.0
/plots/PMC3641330_cddis2013107f4.jpg,/plots/PMC3641330_cddis2013107f4-3.jpg,20.0,59.0,75.0,114.0,128.0
/plots/PMC3641330_cddis2013107f4.jpg,/plots/PMC3641330_cddis2013107f4-3.jpg,,60.0,76.0,132.0,145.0
/plots/PMC3641330_cddis2013107f4.jpg,/plots/PMC3641330_cddis2013107f4-3.jpg,10.0,60.0,75.0,149.0,163.0
/plots/PMC3641330_cddis2013107f4.jpg,/plots/PMC3641330_cddis2013107f4-3.jpg,,65.0,75.0,166.0,180.0
/plots/PMC3641330_cddis2013107f4.jpg,/plots/PMC3641330_cddis2013107f4-3.jpg,9.0,65.0,75.0,184.0,197.0
/plots/PMC3641330_cddis2013107f4.jpg,/plots/PMC3641330_cddis2013107f4-4.jpg,0.8,27.0,45.0,91.0,105.0
/plots/PMC3641330_cddis2013107f4.jpg,/plots/PMC3641330_cddis2013107f4-4.jpg,0.6,27.0,46.0,114.0,128.0
/plots/PMC3641330_cddis2013107f4.jpg,/plots/PMC3641330_cddis2013107f4-4.jpg,0.4,26.0,45.0,137.0,151.0
/plots/PMC3641330_cddis2013107f4.jpg,/plots/PMC3641330_cddis2013107f4-4.jpg,0.2,26.0,46.0,160.0,174.0
/plots/PMC3641330_cddis2013107f4.jpg,/plots/PMC3641330_cddis2013107f4-4.jpg,0.0,37.0,45.0,183.0,197.0
/plots/PMC3641330_cddis2013107f4.jpg,/plots/PMC3641330_cddis2013107f4-4.jpg,1.2,29.0,46.0,45.0,58.0
/plots/PMC3641330_cddis2013107f4.jpg,/plots/PMC3641330_cddis2013107f4-5.jpg,120.0,56.0,76.0,39.0,52.0
/plots/PMC3641330_cddis2013107f4.jpg,/plots/PMC3641330_cddis2013107f4-5.jpg,100.0,56.0,77.0,62.0,75.0
/plots/PMC3641330_cddis2013107f4.jpg,/plots/PMC3641330_cddis2013107f4-5.jpg,3.0,60.0,77.0,85.0,98.0
/plots/PMC3641330_cddis2013107f4.jpg,/plots/PMC3641330_cddis2013107f4-5.jpg,60.0,60.0,76.0,109.0,122.0
/plots/PMC3641330_cddis2013107f4.jpg,/plots/PMC3641330_cddis2013107f4-5.jpg,40.0,61.0,77.0,131.0,146.0
/plots/PMC3641330_cddis2013107f4.jpg,/plots/PMC3641330_cddis2013107f4-5.jpg,20.0,61.0,77.0,156.0,169.0
/plots/PMC3641330_cddis2013107f4.jpg,/plots/PMC3641330_cddis2013107f4-5.jpg,0.0,68.0,78.0,178.0,192.0
/plots/PMC3641330_cddis2013107f4.jpg,/plots/PMC3641330_cddis2013107f4-6.jpg,14.0,71.0,84.0,30.0,42.0
/plots/PMC3641330_cddis2013107f4.jpg,/plots/PMC3641330_cddis2013107f4-6.jpg,12.0,71.0,85.0,49.0,62.0
/plots/PMC3641330_cddis2013107f4.jpg,/plots/PMC3641330_cddis2013107f4-6.jpg,10.0,70.0,84.0,69.0,82.0
/plots/PMC3641330_cddis2013107f4.jpg,/plots/PMC3641330_cddis2013107f4-6.jpg,8.0,75.0,84.0,88.0,102.0
/plots/PMC3641330_cddis2013107f4.jpg,/plots/PMC3641330_cddis2013107f4-6.jpg,6.0,75.0,85.0,108.0,122.0
/plots/PMC3641330_cddis2013107f4.jpg,/plots/PMC3641330_cddis2013107f4-6.jpg,4.0,76.0,84.0,129.0,141.0
/plots/PMC3641330_cddis2013107f4.jpg,/plots/PMC3641330_cddis2013107f4-6.jpg,2.0,75.0,86.0,148.0,161.0
/plots/PMC3641330_cddis2013107f4.jpg,/plots/PMC3641330_cddis2013107f4-6.jpg,9.0,75.0,84.0,168.0,181.0
/plots/PMC3639276_pone.0062470.g008.jpg,/plots/PMC3639276_pone.0062470.g008-5.jpg,100.0,37.0,92.0,52.0,73.0
/plots/PMC3639276_pone.0062470.g008.jpg,/plots/PMC3639276_pone.0062470.g008-5.jpg,80.0,48.0,92.0,115.0,138.0
/plots/PMC3639276_pone.0062470.g008.jpg,/plots/PMC3639276_pone.0062470.g008-5.jpg,60.0,47.0,92.0,178.0,200.0
/plots/PMC3639276_pone.0062470.g008.jpg,/plots/PMC3639276_pone.0062470.g008-5.jpg,40.0,48.0,92.0,241.0,263.0
/plots/PMC3639276_pone.0062470.g008.jpg,/plots/PMC3639276_pone.0062470.g008-5.jpg,20.0,49.0,93.0,306.0,328.0
/plots/PMC3639276_pone.0062470.g008.jpg,/plots/PMC3639276_pone.0062470.g008-5.jpg,0.0,60.0,93.0,362.0,383.0
/plots/PMC3662787_pone.0064546.g001.jpg,/plots/PMC3662787_pone.0064546.g001-0.jpg,2.0,32.0,52.0,31.0,45.0
/plots/PMC3662787_pone.0064546.g001.jpg,/plots/PMC3662787_pone.0064546.g001-0.jpg,1.5,32.0,52.0,87.0,101.0
/plots/PMC3662787_pone.0064546.g001.jpg,/plots/PMC3662787_pone.0064546.g001-0.jpg,1.0,32.0,52.0,142.0,156.0
/plots/PMC3662787_pone.0064546.g001.jpg,/plots/PMC3662787_pone.0064546.g001-0.jpg,0.5,32.0,52.0,198.0,211.0
/plots/PMC3662787_pone.0064546.g001.jpg,/plots/PMC3662787_pone.0064546.g001-0.jpg,0.0,32.0,52.0,253.0,267.0
/plots/PMC3698542_cddis2013174f5.jpg,/plots/PMC3698542_cddis2013174f5-0.jpg,,437.0,483.0,83.0,99.0
/plots/PMC3698542_cddis2013174f5.jpg,/plots/PMC3698542_cddis2013174f5-0.jpg,,439.0,479.0,165.0,180.0
/plots/PMC3698542_cddis2013174f5.jpg,/plots/PMC3698542_cddis2013174f5-1.jpg,100.0,47.0,69.0,32.0,46.0
/plots/PMC3698542_cddis2013174f5.jpg,/plots/PMC3698542_cddis2013174f5-1.jpg,80.0,50.0,70.0,54.0,70.0
/plots/PMC3698542_cddis2013174f5.jpg,/plots/PMC3698542_cddis2013174f5-1.jpg,60.0,49.0,69.0,77.0,93.0
/plots/PMC3698542_cddis2013174f5.jpg,/plots/PMC3698542_cddis2013174f5-1.jpg,40.0,50.0,69.0,102.0,116.0
/plots/PMC3698542_cddis2013174f5.jpg,/plots/PMC3698542_cddis2013174f5-1.jpg,20.0,50.0,70.0,124.0,140.0
/plots/PMC3698542_cddis2013174f5.jpg,/plots/PMC3698542_cddis2013174f5-1.jpg,0.0,59.0,69.0,148.0,163.0
/plots/PMC3698542_cddis2013174f5.jpg,/plots/PMC3698542_cddis2013174f5-2.jpg,100.0,36.0,59.0,36.0,52.0
/plots/PMC3698542_cddis2013174f5.jpg,/plots/PMC3698542_cddis2013174f5-2.jpg,80.0,39.0,58.0,60.0,75.0
/plots/PMC3698542_cddis2013174f5.jpg,/plots/PMC3698542_cddis2013174f5-2.jpg,60.0,39.0,58.0,82.0,98.0
/plots/PMC3698542_cddis2013174f5.jpg,/plots/PMC3698542_cddis2013174f5-2.jpg,40.0,38.0,58.0,106.0,121.0
/plots/PMC3698542_cddis2013174f5.jpg,/plots/PMC3698542_cddis2013174f5-2.jpg,20.0,39.0,59.0,128.0,144.0
/plots/PMC3698542_cddis2013174f5.jpg,/plots/PMC3698542_cddis2013174f5-2.jpg,0.0,49.0,58.0,152.0,166.0
/plots/PMC3698542_cddis2013174f5.jpg,/plots/PMC3698542_cddis2013174f5-4.jpg,100.0,53.0,75.0,29.0,44.0
/plots/PMC3698542_cddis2013174f5.jpg,/plots/PMC3698542_cddis2013174f5-4.jpg,80.0,56.0,75.0,52.0,67.0
/plots/PMC3698542_cddis2013174f5.jpg,/plots/PMC3698542_cddis2013174f5-4.jpg,60.0,55.0,75.0,74.0,89.0
/plots/PMC3698542_cddis2013174f5.jpg,/plots/PMC3698542_cddis2013174f5-4.jpg,40.0,56.0,75.0,98.0,112.0
/plots/PMC3698542_cddis2013174f5.jpg,/plots/PMC3698542_cddis2013174f5-4.jpg,20.0,56.0,75.0,120.0,134.0
/plots/PMC3698542_cddis2013174f5.jpg,/plots/PMC3698542_cddis2013174f5-4.jpg,0.0,65.0,75.0,144.0,156.0
/plots/PMC3690527_gr1.jpg,/plots/PMC3690527_gr1-4.jpg,3.0,24.0,47.0,21.0,36.0
/plots/PMC3690527_gr1.jpg,/plots/PMC3690527_gr1-4.jpg,2.5,24.0,47.0,59.0,75.0
/plots/PMC3690527_gr1.jpg,/plots/PMC3690527_gr1-4.jpg,2.0,24.0,47.0,99.0,115.0
/plots/PMC3690527_gr1.jpg,/plots/PMC3690527_gr1-4.jpg,1.5,25.0,47.0,138.0,154.0
/plots/PMC3690527_gr1.jpg,/plots/PMC3690527_gr1-4.jpg,1.0,25.0,47.0,178.0,193.0
/plots/PMC3690527_gr1.jpg,/plots/PMC3690527_gr1-4.jpg,0.5,25.0,47.0,217.0,232.0
/plots/PMC3690527_gr1.jpg,/plots/PMC3690527_gr1-4.jpg,,37.0,46.0,255.0,271.0
/plots/PMC3866927_1472-6882-13-359-4.jpg,/plots/PMC3866927_1472-6882-13-359-4-0.jpg,5.0,73.0,80.0,36.0,47.0
/plots/PMC3866927_1472-6882-13-359-4.jpg,/plots/PMC3866927_1472-6882-13-359-4-0.jpg,3.0,73.0,79.0,109.0,119.0
/plots/PMC3866927_1472-6882-13-359-4.jpg,/plots/PMC3866927_1472-6882-13-359-4-0.jpg,2.0,73.0,80.0,146.0,156.0
/plots/PMC3866927_1472-6882-13-359-4.jpg,/plots/PMC3866927_1472-6882-13-359-4-0.jpg,,73.0,80.0,181.0,192.0
/plots/PMC3866927_1472-6882-13-359-4.jpg,/plots/PMC3866927_1472-6882-13-359-4-0.jpg,0.0,73.0,79.0,218.0,228.0
/plots/PMC3866927_1472-6882-13-359-4.jpg,/plots/PMC3866927_1472-6882-13-359-4-0.jpg,4.0,73.0,78.0,73.0,82.0
/plots/PMC3848981_pbio.1001726.g008.jpg,/plots/PMC3848981_pbio.1001726.g008-1.jpg,15.0,60.0,71.0,8.0,18.0
/plots/PMC3848981_pbio.1001726.g008.jpg,/plots/PMC3848981_pbio.1001726.g008-1.jpg,,66.0,70.0,46.0,58.0
/plots/PMC3848981_pbio.1001726.g008.jpg,/plots/PMC3848981_pbio.1001726.g008-1.jpg,0.5,59.0,71.0,86.0,97.0
/plots/PMC3848981_pbio.1001726.g008.jpg,/plots/PMC3848981_pbio.1001726.g008-1.jpg,0.0,66.0,71.0,125.0,137.0
/plots/PMC3848981_pbio.1001726.g008.jpg,/plots/PMC3848981_pbio.1001726.g008-1.jpg,,45.0,75.0,159.0,170.0
/plots/PMC3848981_pbio.1001726.g008.jpg,/plots/PMC3848981_pbio.1001726.g008-1.jpg,,38.0,72.0,191.0,203.0
/plots/PMC3848981_pbio.1001726.g008.jpg,/plots/PMC3848981_pbio.1001726.g008-1.jpg,,41.0,72.0,208.0,221.0
/plots/PMC3842444_jcav04p0755g006.jpg,/plots/PMC3842444_jcav04p0755g006-0.jpg,0.0,26.0,31.0,86.0,96.0
/plots/PMC3842444_jcav04p0755g006.jpg,/plots/PMC3842444_jcav04p0755g006-0.jpg,,22.0,31.0,28.0,37.0
/plots/PMC3842444_jcav04p0755g006.jpg,/plots/PMC3842444_jcav04p0755g006-0.jpg,12.0,22.0,32.0,15.0,25.0
/plots/PMC3842444_jcav04p0755g006.jpg,/plots/PMC3842444_jcav04p0755g006-0.jpg,,23.0,32.0,38.0,48.0
/plots/PMC3708704_pbio.1001589.g007.jpg,/plots/PMC3708704_pbio.1001589.g007-3.jpg,100.0,37.0,54.0,47.0,57.0
/plots/PMC3708704_pbio.1001589.g007.jpg,/plots/PMC3708704_pbio.1001589.g007-3.jpg,80.0,42.0,54.0,67.0,77.0
/plots/PMC3708704_pbio.1001589.g007.jpg,/plots/PMC3708704_pbio.1001589.g007-3.jpg,60.0,41.0,53.0,88.0,97.0
/plots/PMC3708704_pbio.1001589.g007.jpg,/plots/PMC3708704_pbio.1001589.g007-3.jpg,40.0,41.0,54.0,107.0,117.0
/plots/PMC3708704_pbio.1001589.g007.jpg,/plots/PMC3708704_pbio.1001589.g007-3.jpg,20.0,42.0,54.0,129.0,138.0
/plots/PMC3708704_pbio.1001589.g007.jpg,/plots/PMC3708704_pbio.1001589.g007-3.jpg,0.0,46.0,53.0,147.0,158.0
/plots/PMC3708704_pbio.1001589.g007.jpg,/plots/PMC3708704_pbio.1001589.g007-4.jpg,80.0,25.0,36.0,20.0,29.0
/plots/PMC3708704_pbio.1001589.g007.jpg,/plots/PMC3708704_pbio.1001589.g007-4.jpg,60.0,25.0,36.0,40.0,49.0
/plots/PMC3708704_pbio.1001589.g007.jpg,/plots/PMC3708704_pbio.1001589.g007-4.jpg,40.0,25.0,36.0,60.0,69.0
/plots/PMC3708704_pbio.1001589.g007.jpg,/plots/PMC3708704_pbio.1001589.g007-4.jpg,20.0,25.0,37.0,80.0,89.0
/plots/PMC3708704_pbio.1001589.g007.jpg,/plots/PMC3708704_pbio.1001589.g007-4.jpg,,30.0,37.0,99.0,109.0
/plots/PMC3708704_pbio.1001589.g007.jpg,/plots/PMC3708704_pbio.1001589.g007-4.jpg,,23.0,52.0,111.0,139.0
/plots/PMC3708704_pbio.1001589.g007.jpg,/plots/PMC3708704_pbio.1001589.g007-4.jpg,,18.0,45.0,138.0,161.0
/plots/PMC3894403_ijmsv11p0180g003.jpg,/plots/PMC3894403_ijmsv11p0180g003-0.jpg,,201.0,227.0,439.0,452.0
/plots/PMC3894403_ijmsv11p0180g003.jpg,/plots/PMC3894403_ijmsv11p0180g003-0.jpg,,279.0,295.0,440.0,452.0
/plots/PMC3894403_ijmsv11p0180g003.jpg,/plots/PMC3894403_ijmsv11p0180g003-0.jpg,,349.0,374.0,440.0,452.0
/plots/PMC3894403_ijmsv11p0180g003.jpg,/plots/PMC3894403_ijmsv11p0180g003-0.jpg,,424.0,450.0,439.0,452.0
/plots/PMC3894403_ijmsv11p0180g003.jpg,/plots/PMC3894403_ijmsv11p0180g003-0.jpg,,504.0,514.0,440.0,449.0
/plots/PMC3894403_ijmsv11p0180g003.jpg,/plots/PMC3894403_ijmsv11p0180g003-0.jpg,1251.0,569.0,597.0,440.0,451.0
/plots/PMC3894403_ijmsv11p0180g003.jpg,/plots/PMC3894403_ijmsv11p0180g003-0.jpg,250.0,643.0,669.0,439.0,452.0
/plots/PMC3904980_pone.0086930.g006.jpg,/plots/PMC3904980_pone.0086930.g006-0.jpg,3.0,57.0,67.0,67.0,84.0
/plots/PMC3904980_pone.0086930.g006.jpg,/plots/PMC3904980_pone.0086930.g006-0.jpg,2.0,54.0,65.0,124.0,139.0
/plots/PMC3904980_pone.0086930.g006.jpg,/plots/PMC3904980_pone.0086930.g006-0.jpg,,55.0,63.0,179.0,193.0
/plots/PMC3904980_pone.0086930.g006.jpg,/plots/PMC3904980_pone.0086930.g006-0.jpg,,55.0,66.0,233.0,250.0
/plots/PMC3904980_pone.0086930.g006.jpg,/plots/PMC3904980_pone.0086930.g006-1.jpg,,53.0,101.0,249.0,281.0
/plots/PMC3904980_pone.0086930.g006.jpg,/plots/PMC3904980_pone.0086930.g006-1.jpg,,117.0,176.0,248.0,289.0
/plots/PMC3904980_pone.0086930.g006.jpg,/plots/PMC3904980_pone.0086930.g006-1.jpg,,190.0,242.0,248.0,282.0
/plots/PMC3904980_pone.0086930.g006.jpg,/plots/PMC3904980_pone.0086930.g006-1.jpg,,265.0,331.0,250.0,291.0
/plots/PMC3904980_pone.0086930.g006.jpg,/plots/PMC3904980_pone.0086930.g006-1.jpg,,65.0,130.0,247.0,290.0
/plots/PMC3904980_pone.0086930.g006.jpg,/plots/PMC3904980_pone.0086930.g006-1.jpg,,206.0,266.0,250.0,289.0
/plots/PMC3904980_pone.0086930.g006.jpg,/plots/PMC3904980_pone.0086930.g006-1.jpg,,138.0,204.0,250.0,291.0
/plots/PMC3904980_pone.0086930.g006.jpg,/plots/PMC3904980_pone.0086930.g006-1.jpg,,275.0,336.0,255.0,292.0
/plots/PMC3904980_pone.0086930.g006.jpg,/plots/PMC3904980_pone.0086930.g006-2.jpg,1.5,39.0,62.0,67.0,83.0
/plots/PMC3904980_pone.0086930.g006.jpg,/plots/PMC3904980_pone.0086930.g006-2.jpg,1.0,45.0,54.0,123.0,138.0
/plots/PMC3904980_pone.0086930.g006.jpg,/plots/PMC3904980_pone.0086930.g006-2.jpg,0.5,39.0,62.0,180.0,197.0
/plots/PMC3904980_pone.0086930.g006.jpg,/plots/PMC3904980_pone.0086930.g006-2.jpg,,45.0,59.0,235.0,252.0
/plots/PMC3904980_pone.0086930.g006.jpg,/plots/PMC3904980_pone.0086930.g006-3.jpg,,66.0,136.0,270.0,323.0
/plots/PMC3904980_pone.0086930.g006.jpg,/plots/PMC3904980_pone.0086930.g006-3.jpg,,136.0,209.0,270.0,321.0
/plots/PMC3904980_pone.0086930.g006.jpg,/plots/PMC3904980_pone.0086930.g006-3.jpg,,212.0,280.0,271.0,318.0
/plots/PMC3904980_pone.0086930.g006.jpg,/plots/PMC3904980_pone.0086930.g006-3.jpg,,282.0,349.0,271.0,318.0
/plots/PMC3904980_pone.0086930.g006.jpg,/plots/PMC3904980_pone.0086930.g006-3.jpg,,80.0,149.0,275.0,322.0
/plots/PMC3904980_pone.0086930.g006.jpg,/plots/PMC3904980_pone.0086930.g006-3.jpg,,289.0,352.0,275.0,316.0
/plots/PMC3904980_pone.0086930.g006.jpg,/plots/PMC3904980_pone.0086930.g006-3.jpg,,148.0,217.0,275.0,321.0
/plots/PMC3909071_pone.0087247.g001.jpg,/plots/PMC3909071_pone.0087247.g001-0.jpg,,67.0,75.0,73.0,85.0
/plots/PMC3909071_pone.0087247.g001.jpg,/plots/PMC3909071_pone.0087247.g001-0.jpg,,65.0,75.0,107.0,120.0
/plots/PMC3909071_pone.0087247.g001.jpg,/plots/PMC3909071_pone.0087247.g001-0.jpg,,65.0,75.0,141.0,154.0
/plots/PMC3909071_pone.0087247.g001.jpg,/plots/PMC3909071_pone.0087247.g001-0.jpg,,66.0,73.0,37.0,50.0
/plots/PMC3909071_pone.0087247.g001.jpg,/plots/PMC3909071_pone.0087247.g001-0.jpg,,67.0,75.0,179.0,190.0
/plots/PMC3944075_pone.0090655.g003.jpg,/plots/PMC3944075_pone.0090655.g003-0.jpg,,26.0,33.0,20.0,27.0
/plots/PMC3944075_pone.0090655.g003.jpg,/plots/PMC3944075_pone.0090655.g003-0.jpg,,25.0,35.0,32.0,40.0
/plots/PMC3944075_pone.0090655.g003.jpg,/plots/PMC3944075_pone.0090655.g003-0.jpg,,26.0,34.0,45.0,51.0
/plots/PMC3944075_pone.0090655.g003.jpg,/plots/PMC3944075_pone.0090655.g003-0.jpg,5.0,25.0,34.0,57.0,64.0
/plots/PMC3944075_pone.0090655.g003.jpg,/plots/PMC3944075_pone.0090655.g003-0.jpg,,26.0,34.0,69.0,76.0
/plots/PMC3944075_pone.0090655.g003.jpg,/plots/PMC3944075_pone.0090655.g003-0.jpg,,27.0,32.0,9.0,15.0
/plots/PMC3944075_pone.0090655.g003.jpg,/plots/PMC3944075_pone.0090655.g003-0.jpg,,28.0,33.0,82.0,88.0
/plots/PMC3944075_pone.0090655.g003.jpg,/plots/PMC3944075_pone.0090655.g003-2.jpg,2.0,39.0,46.0,6.0,13.0
/plots/PMC3944075_pone.0090655.g003.jpg,/plots/PMC3944075_pone.0090655.g003-2.jpg,9.0,38.0,46.0,19.0,27.0
/plots/PMC3944075_pone.0090655.g003.jpg,/plots/PMC3944075_pone.0090655.g003-2.jpg,3.0,37.0,46.0,33.0,39.0
/plots/PMC3944075_pone.0090655.g003.jpg,/plots/PMC3944075_pone.0090655.g003-2.jpg,,38.0,45.0,46.0,53.0
/plots/PMC3944075_pone.0090655.g003.jpg,/plots/PMC3944075_pone.0090655.g003-2.jpg,,39.0,46.0,59.0,66.0
/plots/PMC3944075_pone.0090655.g003.jpg,/plots/PMC3944075_pone.0090655.g003-2.jpg,20.0,38.0,45.0,72.0,79.0
/plots/PMC3944075_pone.0090655.g003.jpg,/plots/PMC3944075_pone.0090655.g003-2.jpg,30.0,38.0,46.0,85.0,93.0
/plots/PMC3944075_pone.0090655.g003.jpg,/plots/PMC3944075_pone.0090655.g003-2.jpg,,41.0,46.0,99.0,105.0
/plots/PMC3953591_pone.0091677.g011.jpg,/plots/PMC3953591_pone.0091677.g011-0.jpg,120.0,23.0,38.0,25.0,34.0
/plots/PMC3953591_pone.0091677.g011.jpg,/plots/PMC3953591_pone.0091677.g011-0.jpg,100.0,23.0,38.0,46.0,55.0
/plots/PMC3953591_pone.0091677.g011.jpg,/plots/PMC3953591_pone.0091677.g011-0.jpg,80.0,27.0,39.0,64.0,74.0
/plots/PMC3953591_pone.0091677.g011.jpg,/plots/PMC3953591_pone.0091677.g011-0.jpg,60.0,27.0,39.0,86.0,95.0
/plots/PMC3953591_pone.0091677.g011.jpg,/plots/PMC3953591_pone.0091677.g011-0.jpg,40.0,27.0,38.0,105.0,115.0
/plots/PMC3953591_pone.0091677.g011.jpg,/plots/PMC3953591_pone.0091677.g011-0.jpg,20.0,27.0,39.0,125.0,135.0
/plots/PMC3953591_pone.0091677.g011.jpg,/plots/PMC3953591_pone.0091677.g011-0.jpg,9.0,32.0,38.0,145.0,155.0
/plots/PMC3953591_pone.0091677.g011.jpg,/plots/PMC3953591_pone.0091677.g011-0.jpg,,27.0,37.0,0.0,7.0
/plots/PMC3953591_pone.0091677.g011.jpg,/plots/PMC3953591_pone.0091677.g011-1.jpg,30.0,32.0,43.0,1.0,9.0
/plots/PMC3953591_pone.0091677.g011.jpg,/plots/PMC3953591_pone.0091677.g011-1.jpg,25.0,32.0,44.0,25.0,34.0
/plots/PMC3953591_pone.0091677.g011.jpg,/plots/PMC3953591_pone.0091677.g011-1.jpg,20.0,32.0,44.0,47.0,57.0
/plots/PMC3953591_pone.0091677.g011.jpg,/plots/PMC3953591_pone.0091677.g011-1.jpg,15.0,32.0,44.0,72.0,81.0
/plots/PMC3953591_pone.0091677.g011.jpg,/plots/PMC3953591_pone.0091677.g011-1.jpg,10.0,33.0,44.0,95.0,105.0
/plots/PMC3953591_pone.0091677.g011.jpg,/plots/PMC3953591_pone.0091677.g011-1.jpg,5.0,37.0,44.0,120.0,130.0
/plots/PMC3953591_pone.0091677.g011.jpg,/plots/PMC3953591_pone.0091677.g011-1.jpg,0.0,37.0,44.0,144.0,154.0
/plots/PMC3958372_pone.0091752.g003.jpg,/plots/PMC3958372_pone.0091752.g003-0.jpg,0.8,20.0,39.0,57.0,70.0
/plots/PMC3958372_pone.0091752.g003.jpg,/plots/PMC3958372_pone.0091752.g003-0.jpg,6.0,21.0,39.0,84.0,97.0
/plots/PMC3958372_pone.0091752.g003.jpg,/plots/PMC3958372_pone.0091752.g003-0.jpg,4.0,20.0,38.0,111.0,122.0
/plots/PMC3958372_pone.0091752.g003.jpg,/plots/PMC3958372_pone.0091752.g003-0.jpg,2.0,20.0,38.0,137.0,149.0
/plots/PMC3912827_DEV097188F7.jpg,/plots/PMC3912827_DEV097188F7-0.jpg,,69.0,92.0,69.0,101.0
/plots/PMC3912827_DEV097188F7.jpg,/plots/PMC3912827_DEV097188F7-0.jpg,,69.0,92.0,123.0,156.0
/plots/PMC3912827_DEV097188F7.jpg,/plots/PMC3912827_DEV097188F7-0.jpg,,68.0,93.0,178.0,210.0
/plots/PMC3912827_DEV097188F7.jpg,/plots/PMC3912827_DEV097188F7-0.jpg,,68.0,92.0,230.0,263.0
/plots/PMC3912827_DEV097188F7.jpg,/plots/PMC3912827_DEV097188F7-0.jpg,,68.0,92.0,285.0,319.0
/plots/PMC3912827_DEV097188F7.jpg,/plots/PMC3912827_DEV097188F7-0.jpg,,68.0,92.0,392.0,426.0
/plots/PMC3912827_DEV097188F7.jpg,/plots/PMC3912827_DEV097188F7-0.jpg,,69.0,96.0,340.0,372.0
/plots/PMC3997877_ECAM2014-248103.008.jpg,/plots/PMC3997877_ECAM2014-248103.008-0.jpg,450.0,14.0,52.0,46.0,67.0
/plots/PMC3997877_ECAM2014-248103.008.jpg,/plots/PMC3997877_ECAM2014-248103.008-0.jpg,400.0,14.0,51.0,107.0,129.0
/plots/PMC3997877_ECAM2014-248103.008.jpg,/plots/PMC3997877_ECAM2014-248103.008-0.jpg,350.0,13.0,52.0,165.0,189.0
/plots/PMC3997877_ECAM2014-248103.008.jpg,/plots/PMC3997877_ECAM2014-248103.008-0.jpg,300.0,14.0,50.0,227.0,249.0
/plots/PMC3997877_ECAM2014-248103.008.jpg,/plots/PMC3997877_ECAM2014-248103.008-0.jpg,200.0,13.0,52.0,346.0,368.0
/plots/PMC3997877_ECAM2014-248103.008.jpg,/plots/PMC3997877_ECAM2014-248103.008-0.jpg,100.0,15.0,51.0,468.0,490.0
/plots/PMC3997877_ECAM2014-248103.008.jpg,/plots/PMC3997877_ECAM2014-248103.008-0.jpg,50.0,26.0,52.0,528.0,551.0
/plots/PMC3997877_ECAM2014-248103.008.jpg,/plots/PMC3997877_ECAM2014-248103.008-0.jpg,0.0,38.0,51.0,590.0,611.0
/plots/PMC3997877_ECAM2014-248103.008.jpg,/plots/PMC3997877_ECAM2014-248103.008-0.jpg,,14.0,51.0,290.0,310.0
/plots/PMC3997016_fnhum-08-00211-g0003.jpg,/plots/PMC3997016_fnhum-08-00211-g0003-1.jpg,,15.0,23.0,105.0,119.0
/plots/PMC3997016_fnhum-08-00211-g0003.jpg,/plots/PMC3997016_fnhum-08-00211-g0003-1.jpg,0.0,10.0,19.0,155.0,170.0
/plots/PMC3997016_fnhum-08-00211-g0003.jpg,/plots/PMC3997016_fnhum-08-00211-g0003-1.jpg,,6.0,19.0,202.0,215.0
/plots/PMC3997016_fnhum-08-00211-g0003.jpg,/plots/PMC3997016_fnhum-08-00211-g0003-1.jpg,,9.0,20.0,252.0,268.0
/plots/PMC3997016_fnhum-08-00211-g0003.jpg,/plots/PMC3997016_fnhum-08-00211-g0003-1.jpg,,10.0,19.0,53.0,68.0
/plots/PMC3927755_10.1177_2041731413508668-fig1.jpg,/plots/PMC3927755_10.1177_2041731413508668-fig1-0.jpg,,35.0,49.0,16.0,29.0
/plots/PMC3927755_10.1177_2041731413508668-fig1.jpg,/plots/PMC3927755_10.1177_2041731413508668-fig1-0.jpg,,35.0,48.0,34.0,46.0
/plots/PMC3927755_10.1177_2041731413508668-fig1.jpg,/plots/PMC3927755_10.1177_2041731413508668-fig1-0.jpg,,35.0,48.0,50.0,63.0
/plots/PMC3927755_10.1177_2041731413508668-fig1.jpg,/plots/PMC3927755_10.1177_2041731413508668-fig1-0.jpg,10.0,36.0,48.0,67.0,80.0
/plots/PMC3927755_10.1177_2041731413508668-fig1.jpg,/plots/PMC3927755_10.1177_2041731413508668-fig1-0.jpg,8.0,40.0,50.0,82.0,96.0
/plots/PMC3927755_10.1177_2041731413508668-fig1.jpg,/plots/PMC3927755_10.1177_2041731413508668-fig1-0.jpg,6.0,39.0,49.0,100.0,113.0
/plots/PMC3927755_10.1177_2041731413508668-fig1.jpg,/plots/PMC3927755_10.1177_2041731413508668-fig1-0.jpg,4.0,40.0,47.0,117.0,129.0
/plots/PMC3927755_10.1177_2041731413508668-fig1.jpg,/plots/PMC3927755_10.1177_2041731413508668-fig1-0.jpg,2.0,39.0,48.0,133.0,147.0
/plots/PMC3927755_10.1177_2041731413508668-fig1.jpg,/plots/PMC3927755_10.1177_2041731413508668-fig1-0.jpg,0.0,40.0,48.0,150.0,163.0
/plots/PMC3927755_10.1177_2041731413508668-fig1.jpg,/plots/PMC3927755_10.1177_2041731413508668-fig1-0.jpg,18.0,38.0,48.0,-1.0,12.0
/plots/PMC3927755_10.1177_2041731413508668-fig1.jpg,/plots/PMC3927755_10.1177_2041731413508668-fig1-1.jpg,,32.0,54.0,0.0,9.0
/plots/PMC3927755_10.1177_2041731413508668-fig1.jpg,/plots/PMC3927755_10.1177_2041731413508668-fig1-1.jpg,1000.0,29.0,54.0,23.0,36.0
/plots/PMC3927755_10.1177_2041731413508668-fig1.jpg,/plots/PMC3927755_10.1177_2041731413508668-fig1-1.jpg,,33.0,54.0,49.0,61.0
/plots/PMC3927755_10.1177_2041731413508668-fig1.jpg,/plots/PMC3927755_10.1177_2041731413508668-fig1-1.jpg,600.0,34.0,54.0,74.0,87.0
/plots/PMC3927755_10.1177_2041731413508668-fig1.jpg,/plots/PMC3927755_10.1177_2041731413508668-fig1-1.jpg,400.0,34.0,54.0,100.0,112.0
/plots/PMC3927755_10.1177_2041731413508668-fig1.jpg,/plots/PMC3927755_10.1177_2041731413508668-fig1-1.jpg,200.0,34.0,54.0,125.0,139.0
/plots/PMC3927755_10.1177_2041731413508668-fig1.jpg,/plots/PMC3927755_10.1177_2041731413508668-fig1-1.jpg,0.0,46.0,54.0,150.0,164.0
/plots/PMC3927755_10.1177_2041731413508668-fig1.jpg,/plots/PMC3927755_10.1177_2041731413508668-fig1-1.jpg,200.0,31.0,50.0,123.0,137.0
/plots/PMC4053655_gr2.jpg,/plots/PMC4053655_gr2-1.jpg,5.0,22.0,29.0,5.0,15.0
/plots/PMC4053655_gr2.jpg,/plots/PMC4053655_gr2-1.jpg,2.0,22.0,29.0,43.0,56.0
/plots/PMC4053655_gr2.jpg,/plots/PMC4053655_gr2-1.jpg,,22.0,29.0,124.0,136.0
/plots/PMC4053655_gr2.jpg,/plots/PMC4053655_gr2-1.jpg,,20.0,29.0,162.0,176.0
/plots/PMC4053655_gr2.jpg,/plots/PMC4053655_gr2-1.jpg,,19.0,29.0,203.0,216.0
/plots/PMC4053655_gr2.jpg,/plots/PMC4053655_gr2-1.jpg,,17.0,30.0,243.0,256.0
/plots/PMC4053655_gr2.jpg,/plots/PMC4053655_gr2-1.jpg,6.0,22.0,30.0,341.0,352.0
/plots/PMC4053655_gr2.jpg,/plots/PMC4053655_gr2-1.jpg,0.0,23.0,30.0,449.0,460.0
/plots/PMC4053655_gr2.jpg,/plots/PMC4053655_gr2-1.jpg,-2.0,18.0,28.0,484.0,495.0
/plots/PMC4053655_gr2.jpg,/plots/PMC4053655_gr2-1.jpg,,22.0,30.0,304.0,315.0
/plots/PMC4053655_gr2.jpg,/plots/PMC4053655_gr2-1.jpg,2.0,23.0,29.0,412.0,423.0
/plots/PMC4053655_gr2.jpg,/plots/PMC4053655_gr2-1.jpg,,22.0,29.0,378.0,388.0
/plots/PMC4039991_gr2.jpg,/plots/PMC4039991_gr2-0.jpg,16.0,49.0,67.0,26.0,40.0
/plots/PMC4039991_gr2.jpg,/plots/PMC4039991_gr2-0.jpg,14.0,49.0,65.0,48.0,62.0
/plots/PMC4039991_gr2.jpg,/plots/PMC4039991_gr2-0.jpg,12.0,49.0,66.0,71.0,85.0
/plots/PMC4039991_gr2.jpg,/plots/PMC4039991_gr2-0.jpg,10.0,49.0,66.0,93.0,108.0
/plots/PMC4039991_gr2.jpg,/plots/PMC4039991_gr2-0.jpg,8.0,56.0,68.0,115.0,130.0
/plots/PMC4039991_gr2.jpg,/plots/PMC4039991_gr2-0.jpg,6.0,57.0,67.0,139.0,153.0
/plots/PMC4039991_gr2.jpg,/plots/PMC4039991_gr2-0.jpg,,57.0,66.0,162.0,174.0
/plots/PMC4039991_gr2.jpg,/plots/PMC4039991_gr2-0.jpg,2.0,57.0,67.0,183.0,198.0
/plots/PMC4039991_gr2.jpg,/plots/PMC4039991_gr2-0.jpg,0.0,57.0,67.0,207.0,221.0
/plots/PMC4039991_gr2.jpg,/plots/PMC4039991_gr2-1.jpg,,96.0,106.0,25.0,39.0
/plots/PMC4039991_gr2.jpg,/plots/PMC4039991_gr2-1.jpg,3.5,83.0,108.0,46.0,63.0
/plots/PMC4039991_gr2.jpg,/plots/PMC4039991_gr2-1.jpg,3.0,97.0,108.0,69.0,85.0
/plots/PMC4039991_gr2.jpg,/plots/PMC4039991_gr2-1.jpg,2.5,83.0,109.0,92.0,108.0
/plots/PMC4039991_gr2.jpg,/plots/PMC4039991_gr2-1.jpg,2.0,96.0,108.0,114.0,130.0
/plots/PMC4039991_gr2.jpg,/plots/PMC4039991_gr2-1.jpg,1.5,85.0,109.0,138.0,153.0
/plots/PMC4039991_gr2.jpg,/plots/PMC4039991_gr2-1.jpg,1.0,99.0,107.0,160.0,174.0
/plots/PMC4039991_gr2.jpg,/plots/PMC4039991_gr2-1.jpg,0.5,84.0,108.0,183.0,199.0
/plots/PMC4039991_gr2.jpg,/plots/PMC4039991_gr2-1.jpg,0.0,97.0,107.0,206.0,221.0
/plots/PMC4039991_gr2.jpg,/plots/PMC4039991_gr2-1.jpg,,88.0,108.0,35.0,51.0
/plots/PMC4039991_gr2.jpg,/plots/PMC4039991_gr2-2.jpg,25.0,73.0,93.0,27.0,43.0
/plots/PMC4039991_gr2.jpg,/plots/PMC4039991_gr2-2.jpg,20.0,73.0,92.0,63.0,79.0
/plots/PMC4039991_gr2.jpg,/plots/PMC4039991_gr2-2.jpg,15.0,74.0,94.0,98.0,113.0
/plots/PMC4039991_gr2.jpg,/plots/PMC4039991_gr2-2.jpg,10.0,75.0,93.0,134.0,149.0
/plots/PMC4039991_gr2.jpg,/plots/PMC4039991_gr2-2.jpg,5.0,82.0,94.0,169.0,184.0
/plots/PMC4039991_gr2.jpg,/plots/PMC4039991_gr2-2.jpg,0.0,82.0,93.0,204.0,220.0
/plots/PMC4039991_gr2.jpg,/plots/PMC4039991_gr2-5.jpg,1.6,115.0,139.0,13.0,28.0
/plots/PMC4039991_gr2.jpg,/plots/PMC4039991_gr2-5.jpg,1.4,114.0,138.0,39.0,54.0
/plots/PMC4039991_gr2.jpg,/plots/PMC4039991_gr2-5.jpg,1.2,114.0,139.0,66.0,82.0
/plots/PMC4039991_gr2.jpg,/plots/PMC4039991_gr2-5.jpg,1.0,128.0,137.0,91.0,107.0
/plots/PMC4039991_gr2.jpg,/plots/PMC4039991_gr2-5.jpg,0.8,115.0,138.0,118.0,134.0
/plots/PMC4039991_gr2.jpg,/plots/PMC4039991_gr2-5.jpg,0.6,115.0,138.0,146.0,161.0
/plots/PMC4039991_gr2.jpg,/plots/PMC4039991_gr2-5.jpg,0.4,114.0,138.0,172.0,187.0
/plots/PMC4039991_gr2.jpg,/plots/PMC4039991_gr2-5.jpg,0.2,114.0,138.0,199.0,214.0
/plots/PMC4039991_gr2.jpg,/plots/PMC4039991_gr2-5.jpg,0.0,128.0,137.0,224.0,242.0
/plots/PMC4046113_ncomms4996-f9.jpg,/plots/PMC4046113_ncomms4996-f9-0.jpg,,54.0,99.0,241.0,278.0
/plots/PMC4046113_ncomms4996-f9.jpg,/plots/PMC4046113_ncomms4996-f9-0.jpg,,100.0,157.0,238.0,286.0
/plots/PMC4046113_ncomms4996-f9.jpg,/plots/PMC4046113_ncomms4996-f9-0.jpg,,158.0,206.0,241.0,286.0
/plots/PMC4046113_ncomms4996-f9.jpg,/plots/PMC4046113_ncomms4996-f9-0.jpg,,208.0,259.0,240.0,284.0
/plots/PMC4046113_ncomms4996-f9.jpg,/plots/PMC4046113_ncomms4996-f9-0.jpg,,265.0,311.0,240.0,283.0
/plots/PMC4046113_ncomms4996-f9.jpg,/plots/PMC4046113_ncomms4996-f9-0.jpg,,321.0,367.0,241.0,284.0
/plots/PMC4046113_ncomms4996-f9.jpg,/plots/PMC4046113_ncomms4996-f9-5.jpg,2.0,58.0,81.0,20.0,36.0
/plots/PMC4046113_ncomms4996-f9.jpg,/plots/PMC4046113_ncomms4996-f9-5.jpg,19.0,62.0,82.0,46.0,61.0
/plots/PMC4046113_ncomms4996-f9.jpg,/plots/PMC4046113_ncomms4996-f9-5.jpg,1.0,58.0,81.0,70.0,86.0
/plots/PMC4046113_ncomms4996-f9.jpg,/plots/PMC4046113_ncomms4996-f9-5.jpg,0.5,58.0,82.0,95.0,110.0
/plots/PMC4046113_ncomms4996-f9.jpg,/plots/PMC4046113_ncomms4996-f9-5.jpg,0.0,57.0,81.0,119.0,135.0
/plots/PMC4059552_mcg-48-513-g002.jpg,/plots/PMC4059552_mcg-48-513-g002-3.jpg,,224.0,243.0,47.0,57.0
/plots/PMC4059552_mcg-48-513-g002.jpg,/plots/PMC4059552_mcg-48-513-g002-3.jpg,20.0,229.0,243.0,73.0,82.0
/plots/PMC4059552_mcg-48-513-g002.jpg,/plots/PMC4059552_mcg-48-513-g002-3.jpg,18.0,230.0,240.0,98.0,107.0
/plots/PMC4059552_mcg-48-513-g002.jpg,/plots/PMC4059552_mcg-48-513-g002-3.jpg,16.0,229.0,241.0,123.0,133.0
/plots/PMC4059552_mcg-48-513-g002.jpg,/plots/PMC4059552_mcg-48-513-g002-3.jpg,,228.0,241.0,148.0,157.0
/plots/PMC4059552_mcg-48-513-g002.jpg,/plots/PMC4059552_mcg-48-513-g002-3.jpg,12.0,226.0,241.0,172.0,182.0
/plots/PMC4072361_JOS-1-63-g002.jpg,/plots/PMC4072361_JOS-1-63-g002-0.jpg,0.0,58.0,68.0,441.0,459.0
/plots/PMC4072361_JOS-1-63-g002.jpg,/plots/PMC4072361_JOS-1-63-g002-0.jpg,,122.0,203.0,434.0,456.0
/plots/PMC4072361_JOS-1-63-g002.jpg,/plots/PMC4072361_JOS-1-63-g002-0.jpg,,340.0,446.0,433.0,457.0
/plots/PMC4072361_JOS-1-63-g002.jpg,/plots/PMC4072361_JOS-1-63-g002-0.jpg,,226.0,326.0,432.0,457.0
/plots/PMC4072361_JOS-1-63-g002.jpg,/plots/PMC4072361_JOS-1-63-g002-0.jpg,,480.0,577.0,432.0,457.0
